Customer_Segment_c,Cross_Sell_Score_c,Online_Banking_c,Mobile_Banking_c,Direct_Deposit_c,Avg_Number_of_Transactions_c,Avg_Number_of_Call_Center_Calls_c,Tenure_In_Months_c,Avg_Balance_6_Months_c,NPS_Score_c,Single_Product_Customer_c,Promotional_Product_c,Pct_Balance_Drop_6_Months_Avg_c,Days_Since_Last_Interaction_c,Churned_c
0,Preferred,3,Yes,Yes,Yes,14,6,71,180623,Promoter,No,No,0.12,57,1
1,Preferred,7,Yes,Yes,Yes,14,1,26,7412,Promoter,No,Yes,0.5,12,0
2,Preferred,2,Yes,No,No,13,10,57,7609,Promoter,No,No,0.13,14,0
3,Preferred,1,No,Yes,Yes,7,1,34,7861,Promoter,No,No,0.11,38,0
4,Preferred,1,Yes,Yes,No,14,1,24,8395,Promoter,No,Yes,0.14,30,0
5,Preferred,2,No,Yes,Yes,2,6,26,9159,Promoter,No,No,0.1,25,0
6,Preferred,3,No,No,No,9,1,18,9873,Passive,No,No,0.16,3,0
7,Preferred,1,No,Yes,Yes,17,7,13,10937,Detractor,Yes,Yes,0.31,59,0
8,Preferred,4,No,Yes,Yes,11,0,35,186998,Passive,No,No,0.62,7,0
9,Preferred,6,No,Yes,Yes,6,1,71,144246,Passive,No,Yes,0.37,38,0
10,Preferred,2,Yes,Yes,No,37,1,14,58148,Passive,No,No,0.18,17,0
11,Preferred,2,No,Yes,No,27,8,49,204783,Detractor,No,Yes,0.48,9,0
12,Preferred,4,No,Yes,Yes,8,9,61,74130,Promoter,No,Yes,0.78,44,0
13,Preferred,2,No,Yes,Yes,11,9,61,232492,Promoter,No,No,0.1,11,0
14,Preferred,2,No,Yes,Yes,4,1,16,248199,Promoter,No,Yes,0.1,39,0
15,Preferred,1,No,Yes,No,13,2,30,159129,Promoter,No,No,0.13,27,0
16,Preferred,2,No,Yes,Yes,7,1,25,145822,Detractor,No,No,0.19,32,1
17,Preferred,2,No,Yes,Yes,4,10,30,246941,Passive,No,No,0.69,48,1
18,Preferred,2,Yes,Yes,Yes,4,10,51,155703,Promoter,No,No,0.17,51,1
19,Preferred,1,No,Yes,Yes,12,10,28,233849,Promoter,No,Yes,0.47,58,1
20,Preferred,1,Yes,Yes,No,13,7,16,98986,Passive,No,No,0.16,13,1
21,Preferred,1,Yes,Yes,No,4,2,21,192896,Detractor,No,Yes,0.13,50,1
22,Regular,3,Yes,No,No,38,5,31,11942,Passive,Yes,Yes,0.3,50,1
23,Preferred,3,No,Yes,Yes,11,4,49,159971,Promoter,No,Yes,0.18,2,1
24,Preferred,2,Yes,Yes,Yes,10,5,19,183450,Promoter,No,Yes,0.13,29,1
25,Preferred,2,No,Yes,No,19,8,19,221037,Promoter,No,No,0.58,57,1
26,Preferred,4,Yes,No,Yes,13,5,21,212960,Promoter,No,No,0.53,35,1
27,Regular,2,No,No,Yes,18,0,57,30872,Detractor,Yes,Yes,0.38,30,1
28,Preferred,1,No,Yes,Yes,11,0,20,58972,Passive,No,Yes,0.13,13,0
29,Preferred,2,Yes,Yes,Yes,12,6,21,67474,Promoter,Yes,No,0.74,47,0
30,Preferred,2,No,No,Yes,10,0,49,109966,Promoter,No,No,0.19,24,0
31,Preferred,2,Yes,No,No,13,0,31,27762,Detractor,No,No,0.12,47,0
32,Preferred,1,No,Yes,Yes,27,0,32,29194,Promoter,Yes,No,0.69,9,0
33,Preferred,1,No,Yes,Yes,18,8,31,29225,Promoter,No,No,0.14,21,0
34,Preferred,2,No,Yes,Yes,2,1,27,30362,Passive,No,Yes,0.47,9,0
35,Preferred,5,Yes,No,Yes,2,10,34,30563,Promoter,No,No,0.14,1,0
36,Preferred,1,No,No,Yes,25,0,17,30769,Promoter,No,No,0.16,15,0
37,Preferred,1,No,No,Yes,10,4,59,31656,Passive,No,Yes,0.14,3,0
38,Preferred,1,No,Yes,Yes,4,0,26,31916,Passive,No,Yes,0.6,33,0
39,Preferred,2,No,Yes,Yes,3,6,25,32049,Promoter,No,No,0.12,28,0
40,Preferred,3,Yes,Yes,Yes,27,10,25,33708,Promoter,No,No,0.16,54,0
41,Preferred,2,Yes,No,No,11,7,69,128645,Passive,No,No,0.19,11,0
42,Preferred,2,Yes,Yes,Yes,16,1,18,180794,Passive,No,Yes,0.68,53,0
43,Preferred,2,Yes,No,Yes,10,10,25,108308,Promoter,No,No,0.17,49,0
44,Preferred,1,No,Yes,Yes,8,9,32,183183,Detractor,No,No,0.16,14,0
45,Preferred,2,No,No,Yes,4,9,37,223351,Passive,No,No,0.19,20,0
46,Preferred,2,No,Yes,Yes,15,7,55,161577,Promoter,Yes,No,0.7,7,0
47,Preferred,2,Yes,No,No,13,1,14,185612,Passive,No,No,0.16,41,0
48,Preferred,3,No,No,Yes,8,8,33,229312,Promoter,No,No,0.19,14,0
49,Preferred,2,Yes,Yes,Yes,8,8,17,161471,Promoter,No,No,0.13,46,0
50,Preferred,2,No,Yes,Yes,7,4,20,201455,Promoter,No,No,0.17,2,1
51,Preferred,4,No,Yes,Yes,10,8,14,97609,Promoter,No,No,0.1,19,1
52,Preferred,2,No,No,Yes,3,0,24,230734,Promoter,No,Yes,0.05,44,1
53,Preferred,2,No,Yes,No,11,1,28,110267,Detractor,No,No,0.17,32,1
54,Preferred,1,Yes,Yes,Yes,33,5,29,176487,Passive,No,No,0.16,30,1
55,Preferred,1,No,Yes,No,14,4,39,151929,Detractor,No,Yes,0.12,44,1
56,Preferred,4,No,No,Yes,16,8,26,157593,Passive,No,No,0.79,36,1
57,Preferred,3,No,Yes,Yes,40,2,31,234534,Passive,No,No,0.16,26,1
58,Preferred,3,Yes,Yes,Yes,5,7,37,179423,Promoter,No,No,0.17,14,1
59,Regular,4,No,Yes,No,10,2,19,354433,Detractor,Yes,Yes,0.79,35,1
60,Preferred,1,No,No,No,35,1,23,45481,Promoter,No,Yes,0.13,26,1
61,Regular,2,No,No,No,4,6,42,22175,Detractor,Yes,Yes,0.43,48,1
62,Preferred,3,Yes,No,Yes,4,2,28,46125,Passive,No,No,0.19,20,1
63,Preferred,3,Yes,Yes,Yes,5,10,28,46698,Promoter,Yes,Yes,0.04,17,1
64,Preferred,1,Yes,Yes,Yes,10,4,28,49662,Promoter,No,No,0.13,59,0
65,Preferred,1,No,Yes,No,13,7,19,49791,Detractor,Yes,Yes,0.41,15,0
66,Preferred,2,No,No,No,11,5,33,52164,Promoter,Yes,No,0.12,59,0
67,Preferred,3,No,Yes,Yes,4,0,20,52960,Promoter,No,Yes,0.19,14,0
68,Preferred,4,No,No,No,14,4,56,53424,Promoter,No,No,0.17,17,0
69,Preferred,5,No,Yes,Yes,4,1,48,53497,Promoter,No,No,0.18,47,0
70,Preferred,2,No,No,No,3,0,23,54350,Promoter,No,No,0.17,60,0
71,Preferred,1,Yes,Yes,Yes,40,6,34,54391,Detractor,No,No,0.19,21,0
72,Preferred,2,Yes,Yes,Yes,7,1,43,119485,Passive,No,Yes,0.6,16,0
73,Preferred,1,No,Yes,Yes,8,2,64,179118,Promoter,Yes,Yes,0.54,42,0
74,Preferred,4,Yes,Yes,Yes,13,6,13,194112,Promoter,No,No,0.1,35,0
75,Preferred,2,Yes,Yes,Yes,2,1,14,116693,Promoter,No,No,0.19,18,0
76,Preferred,3,No,No,Yes,9,7,28,76631,Promoter,No,No,0.15,30,0
77,Preferred,2,No,Yes,No,33,0,14,137430,Promoter,No,Yes,0.11,32,0
78,Preferred,2,No,Yes,Yes,43,5,34,54126,Detractor,No,No,0.18,56,0
79,Regular,1,Yes,Yes,Yes,4,5,21,7765,Detractor,No,No,0.63,59,1
80,Regular,1,No,No,Yes,13,5,47,58341,Passive,Yes,Yes,0.57,20,1
81,Preferred,1,Yes,Yes,No,15,7,27,119765,Passive,No,No,0.19,34,0
82,Preferred,1,Yes,Yes,Yes,14,9,47,150652,Promoter,No,Yes,0.76,3,0
83,Preferred,2,Yes,Yes,Yes,12,4,57,100035,Passive,No,No,0.18,43,0
84,Regular,1,No,No,No,6,7,31,15344,Detractor,Yes,Yes,0.39,25,1
85,Preferred,2,Yes,Yes,Yes,10,10,63,75145,Promoter,No,Yes,0.75,46,0
86,Preferred,1,Yes,Yes,Yes,14,8,13,221389,Promoter,No,No,0.14,17,0
87,Preferred,1,Yes,Yes,Yes,41,4,32,68767,Promoter,No,No,0.14,13,0
88,Preferred,3,No,Yes,Yes,33,2,17,69074,Promoter,Yes,No,0.1,29,0
89,Preferred,1,Yes,Yes,Yes,12,8,44,69478,Detractor,No,Yes,0.12,54,1
90,Preferred,2,No,Yes,Yes,9,4,32,69822,Promoter,No,No,0.11,54,1
91,Regular,1,No,Yes,No,8,2,27,363017,Detractor,Yes,No,0.66,4,1
92,Preferred,7,Yes,Yes,Yes,12,5,43,70031,Promoter,No,No,0.2,47,1
93,Preferred,4,No,No,Yes,10,2,15,70061,Detractor,No,No,0.15,10,1
94,Preferred,1,Yes,Yes,Yes,25,10,62,70155,Promoter,No,Yes,0.07,37,1
95,Preferred,1,Yes,Yes,Yes,25,9,21,74478,Promoter,No,No,0.12,60,1
96,Preferred,2,Yes,Yes,No,10,1,56,76584,Detractor,No,Yes,0.15,27,1
97,Preferred,1,No,Yes,Yes,10,2,59,77165,Detractor,No,Yes,0.14,21,1
98,Preferred,3,No,Yes,No,12,8,21,77434,Promoter,Yes,No,0.68,47,1
99,Preferred,1,Yes,Yes,No,27,10,44,80295,Detractor,Yes,Yes,0.49,39,1
100,Preferred,1,No,Yes,No,12,0,29,81086,Detractor,No,No,0.18,16,0
101,Preferred,2,No,Yes,Yes,5,0,15,81354,Promoter,No,No,0.16,23,0
102,Preferred,2,Yes,No,No,5,9,33,81695,Passive,No,No,0.16,42,0
103,Preferred,2,Yes,No,No,7,0,17,82675,Passive,No,No,0.14,36,0
104,Regular,5,No,No,No,6,5,46,81276,Detractor,Yes,Yes,0.38,16,1
105,Preferred,2,Yes,Yes,Yes,2,2,28,84783,Promoter,No,No,0.14,7,0
106,Preferred,1,Yes,Yes,Yes,11,8,23,85908,Promoter,No,No,0.14,12,0
107,Preferred,2,No,Yes,Yes,9,10,19,86745,Promoter,No,No,0.2,38,0
108,Preferred,3,Yes,Yes,Yes,16,1,64,87199,Detractor,No,Yes,0.49,26,0
109,Preferred,1,No,Yes,Yes,13,5,25,87543,Promoter,No,No,0.14,1,0
110,Preferred,2,Yes,Yes,Yes,19,5,44,87839,Passive,No,Yes,0.34,50,0
111,Preferred,3,No,Yes,No,4,7,12,89027,Promoter,No,Yes,0.14,31,0
112,Preferred,4,Yes,No,Yes,14,7,31,89109,Promoter,No,No,0.17,57,0
113,Preferred,1,Yes,Yes,Yes,25,5,32,89485,Detractor,No,No,0.14,37,0
114,Preferred,7,Yes,Yes,Yes,5,0,20,89635,Passive,No,No,0.15,40,0
115,Preferred,1,Yes,Yes,Yes,14,0,15,90622,Promoter,No,Yes,0.2,32,0
116,Preferred,1,Yes,Yes,Yes,15,6,54,91185,Promoter,Yes,Yes,0.35,35,0
117,Preferred,2,No,Yes,Yes,5,7,29,91343,Promoter,No,No,0.15,29,0
118,Preferred,3,Yes,Yes,Yes,5,10,24,91599,Promoter,No,No,0.17,1,0
119,Preferred,2,No,No,Yes,15,9,25,93530,Detractor,No,No,0.13,32,0
120,Preferred,2,No,Yes,Yes,10,6,51,93742,Promoter,No,No,0.11,37,0
121,Preferred,3,No,Yes,Yes,11,9,25,94054,Detractor,No,No,0.16,42,0
122,Regular,1,Yes,Yes,No,7,2,33,74761,Passive,Yes,Yes,0.62,3,1
123,Regular,1,No,No,No,2,7,49,98296,Detractor,Yes,Yes,0.65,23,1
124,Regular,2,No,Yes,No,5,4,56,42061,Promoter,Yes,Yes,0.35,51,1
125,Preferred,2,No,No,Yes,9,1,14,96083,Promoter,No,No,0.14,19,0
126,Preferred,2,Yes,Yes,Yes,14,1,41,96716,Promoter,No,Yes,0.16,49,1
127,Preferred,1,No,Yes,Yes,7,10,23,98489,Promoter,No,No,0.15,16,1
128,Regular,1,No,Yes,No,8,5,34,7694,Promoter,Yes,No,0.55,27,1
129,Preferred,1,No,Yes,Yes,5,2,28,99773,Promoter,No,No,0.14,27,1
130,Preferred,3,No,No,No,8,7,20,277338,Promoter,No,No,0.48,2,1
131,Preferred,3,No,No,Yes,3,2,25,291484,Detractor,No,No,0.14,1,1
132,Preferred,1,No,Yes,Yes,9,0,19,301971,Promoter,Yes,No,0.11,14,1
133,Preferred,2,Yes,No,Yes,3,0,30,311155,Promoter,No,No,0.18,51,1
134,Preferred,3,No,Yes,Yes,11,8,19,320715,Detractor,Yes,No,0.74,25,1
135,Preferred,2,Yes,No,Yes,27,6,29,330288,Promoter,Yes,No,0.63,50,0
136,Preferred,3,Yes,Yes,Yes,2,5,19,344768,Passive,No,Yes,0.14,43,0
137,Preferred,1,Yes,Yes,Yes,25,6,12,389081,Promoter,No,No,0.16,50,0
138,Preferred,1,No,Yes,Yes,12,6,31,389915,Promoter,Yes,Yes,0.77,26,0
139,Preferred,1,No,Yes,No,14,1,69,423472,Detractor,No,Yes,0.13,52,0
140,Preferred,3,Yes,Yes,Yes,19,7,20,191927,Passive,No,No,0.18,15,0
141,Preferred,1,No,No,No,14,7,34,121285,Detractor,No,No,0.19,21,0
142,Preferred,5,No,No,Yes,12,1,15,181622,Promoter,No,Yes,0.59,14,0
143,Preferred,3,No,Yes,Yes,14,1,29,148504,Promoter,Yes,No,0.11,56,0
144,Preferred,3,Yes,No,Yes,7,1,28,203941,Promoter,Yes,No,0.41,40,0
145,Preferred,4,No,Yes,Yes,5,4,17,186598,Passive,No,Yes,0.16,19,0
146,Preferred,1,Yes,No,Yes,3,6,36,220791,Passive,No,No,0.2,20,0
147,Preferred,2,Yes,No,Yes,2,10,25,97772,Promoter,Yes,No,0.72,53,0
148,Preferred,1,No,Yes,Yes,13,4,64,77597,Promoter,Yes,Yes,0.17,10,0
149,Preferred,1,No,Yes,Yes,13,5,12,188074,Detractor,Yes,No,0.52,41,0
150,Preferred,3,No,No,No,3,8,30,69154,Detractor,No,No,0.19,9,0
151,Preferred,1,No,Yes,Yes,16,0,21,516515,Promoter,Yes,Yes,0.07,4,0
152,Preferred,3,No,Yes,Yes,13,1,19,539929,Detractor,Yes,No,0.13,41,0
153,Preferred,1,No,No,Yes,13,7,13,546398,Promoter,No,No,0.19,22,0
154,Regular,4,No,Yes,Yes,25,3,15,485276,Detractor,No,No,0.7,56,1
155,Preferred,2,No,Yes,Yes,15,2,49,559545,Detractor,No,No,0.16,35,0
156,Preferred,4,No,Yes,Yes,15,1,12,122067,Detractor,Yes,No,0.1,15,0
157,Preferred,2,No,No,Yes,12,2,18,98002,Detractor,No,No,0.14,2,0
158,Preferred,4,No,Yes,Yes,36,6,25,199935,Detractor,No,No,0.15,58,0
159,Preferred,3,No,No,Yes,7,4,31,140048,Promoter,Yes,No,0.4,13,0
160,Preferred,2,Yes,No,Yes,10,0,34,70343,Promoter,Yes,No,0.13,1,0
161,Preferred,2,No,Yes,Yes,4,0,18,234794,Promoter,No,No,0.12,7,0
162,Preferred,2,Yes,No,Yes,3,8,33,151277,Promoter,Yes,No,0.14,53,0
163,Preferred,1,Yes,Yes,No,12,2,27,225945,Promoter,No,No,0.17,31,0
164,Preferred,2,No,No,Yes,10,0,31,243670,Passive,No,No,0.7,29,0
165,Preferred,2,No,Yes,Yes,15,5,50,676420,Promoter,No,Yes,0.2,24,0
166,Preferred,2,Yes,No,Yes,8,10,20,678669,Promoter,No,No,0.43,32,0
167,Preferred,2,No,No,Yes,10,1,16,690867,Promoter,No,No,0.17,41,0
168,Regular,3,Yes,No,No,22,2,28,6163,Detractor,No,Yes,0.49,5,1
169,Preferred,2,Yes,No,Yes,13,9,25,698030,Passive,No,No,0.7,26,0
170,Preferred,1,No,Yes,Yes,17,2,35,713594,Promoter,No,No,0.12,25,0
171,Preferred,2,Yes,Yes,Yes,17,6,50,715161,Detractor,No,Yes,0.18,45,0
172,Preferred,2,No,Yes,Yes,3,1,24,747067,Promoter,No,No,0.19,45,0
173,Preferred,3,Yes,No,Yes,10,2,13,748061,Passive,No,No,0.19,21,0
174,Regular,1,No,Yes,No,5,4,39,74958,Detractor,Yes,Yes,0.74,20,1
175,Regular,1,No,No,No,8,6,25,6163,Promoter,Yes,Yes,0.8,43,1
176,Regular,1,No,Yes,No,6,9,64,6445,Passive,Yes,No,0.56,38,1
177,Regular,2,No,No,No,20,2,66,21230,Detractor,Yes,Yes,0.52,10,1
178,Regular,1,No,Yes,No,15,1,22,33409,Passive,Yes,Yes,0.62,8,1
179,Regular,2,No,No,No,12,4,22,90841,Passive,Yes,Yes,0.76,59,1
180,Premium,3,Yes,Yes,Yes,37,7,43,588446,Passive,No,Yes,0.16,48,0
181,Premium,1,Yes,No,Yes,11,1,32,4419,Detractor,No,No,0.76,60,0
182,Premium,1,No,No,Yes,5,0,14,5105,Promoter,No,No,0.55,22,0
183,Premium,3,Yes,Yes,Yes,8,0,21,6684,Promoter,No,No,0.18,30,0
184,Premium,1,Yes,Yes,No,43,9,25,7220,Promoter,No,No,0.19,36,0
185,Premium,1,No,Yes,Yes,44,8,17,336984,Detractor,No,No,0.5,47,0
186,Premium,1,Yes,Yes,Yes,14,10,28,409507,Detractor,Yes,No,0.01,59,0
187,Premium,2,Yes,Yes,Yes,15,7,62,582166,Promoter,No,Yes,0.2,25,0
188,Premium,3,Yes,Yes,No,3,7,14,480803,Promoter,Yes,Yes,0.48,47,0
189,Premium,2,Yes,Yes,Yes,4,5,30,405759,Promoter,No,Yes,0.63,34,0
190,Premium,1,No,No,No,29,6,30,317419,Detractor,Yes,No,0.11,5,0
191,Premium,2,Yes,Yes,Yes,10,1,25,380890,Passive,No,Yes,0.64,52,0
192,Premium,1,No,Yes,Yes,36,0,34,444495,Promoter,No,No,0.33,30,0
193,Premium,2,Yes,Yes,Yes,15,2,54,524757,Promoter,No,Yes,0.1,58,0
194,Premium,2,Yes,Yes,Yes,12,5,52,482694,Detractor,No,Yes,0.63,6,0
195,Premium,3,No,Yes,Yes,33,1,30,418674,Detractor,No,No,0.14,4,0
196,Premium,4,Yes,Yes,Yes,18,0,23,547670,Passive,No,No,0.66,6,0
197,Premium,2,No,Yes,No,14,8,36,576605,Promoter,No,No,0.14,42,0
198,Regular,1,Yes,Yes,Yes,23,1,27,20358,Detractor,No,No,0.34,35,1
199,Regular,4,No,Yes,Yes,5,6,58,50103,Passive,No,Yes,0.77,41,1
200,Regular,1,No,Yes,No,7,2,19,29419,Promoter,Yes,Yes,0.5,24,1
201,Regular,3,No,No,No,13,2,18,27168,Detractor,Yes,Yes,0.31,3,1
202,Regular,2,No,Yes,No,10,6,54,8382,Passive,Yes,No,0.77,26,1
203,Regular,2,Yes,Yes,No,17,0,28,52143,Passive,Yes,No,0.62,37,1
204,Regular,3,No,Yes,No,13,8,28,31840,Detractor,Yes,Yes,0.08,56,1
205,Regular,2,Yes,Yes,Yes,13,2,65,84917,Detractor,Yes,Yes,0.08,39,1
206,Premium,1,No,Yes,No,14,9,42,262887,Promoter,No,No,0.15,18,0
207,Premium,1,Yes,No,No,12,8,33,501514,Promoter,No,No,0.57,32,0
208,Premium,2,Yes,No,Yes,12,8,28,319938,Promoter,No,No,0.12,18,0
209,Premium,2,Yes,Yes,Yes,2,4,24,563579,Passive,No,No,0.19,5,0
210,Regular,2,Yes,No,No,15,2,34,41196,Passive,Yes,No,0.09,5,1
211,Regular,1,No,Yes,No,38,0,52,46229,Detractor,Yes,No,0.09,39,1
212,Premium,3,No,Yes,Yes,14,0,13,429490,Promoter,No,No,0.15,33,0
213,Premium,2,Yes,Yes,Yes,14,4,36,20687,Passive,Yes,No,0.52,26,0
214,Premium,3,No,No,No,10,6,31,22921,Promoter,No,No,0.77,13,0
215,Premium,2,No,No,Yes,9,2,16,24030,Promoter,No,No,0.2,10,0
216,Premium,5,Yes,Yes,Yes,36,6,46,24163,Passive,Yes,No,0.39,57,0
217,Premium,1,No,Yes,Yes,31,1,25,24313,Promoter,Yes,No,0.34,54,0
218,Regular,2,Yes,No,No,12,4,27,74482,Promoter,No,No,0.57,58,1
219,Regular,3,No,No,Yes,9,7,66,59202,Detractor,No,Yes,0.75,9,1
220,Premium,3,No,Yes,Yes,6,7,52,26609,Promoter,No,No,0.19,42,0
221,Premium,2,Yes,Yes,Yes,10,8,28,27285,Passive,Yes,No,0.54,37,1
222,Premium,2,No,Yes,Yes,14,6,59,27591,Promoter,No,No,0.16,22,1
223,Premium,2,No,Yes,Yes,10,1,14,27621,Promoter,No,Yes,0.19,6,1
224,Premium,2,No,No,Yes,14,8,16,28259,Promoter,Yes,No,0.34,15,1
225,Premium,2,No,Yes,Yes,28,8,17,432911,Detractor,No,No,0.78,16,1
226,Premium,1,Yes,Yes,Yes,6,5,35,501881,Promoter,No,Yes,0.4,4,0
227,Premium,2,Yes,No,Yes,6,2,33,367464,Promoter,Yes,No,0.13,11,0
228,Premium,1,No,Yes,Yes,13,4,58,415062,Promoter,Yes,Yes,0.17,51,0
229,Premium,3,No,Yes,Yes,16,7,18,30954,Promoter,No,No,0.14,22,0
230,Premium,4,No,No,Yes,15,4,24,31023,Passive,No,No,0.7,51,0
231,Regular,2,No,Yes,No,15,7,19,46571,Detractor,Yes,No,0.74,5,1
232,Premium,2,No,No,No,12,5,12,32940,Promoter,No,No,0.12,30,0
233,Premium,1,No,Yes,Yes,12,9,30,33483,Passive,No,Yes,0.1,48,0
234,Premium,3,Yes,Yes,Yes,8,1,29,356450,Promoter,No,No,0.18,29,0
235,Premium,1,Yes,Yes,Yes,27,4,39,410737,Promoter,No,Yes,0.64,26,0
236,Premium,1,Yes,Yes,Yes,13,1,12,331848,Passive,No,No,0.58,31,0
237,Premium,4,No,Yes,Yes,12,0,35,305761,Promoter,Yes,Yes,0.31,50,0
238,Premium,1,Yes,Yes,Yes,12,2,15,278829,Promoter,No,No,0.19,15,0
239,Premium,3,Yes,Yes,Yes,22,0,71,448034,Promoter,No,Yes,0.33,54,0
240,Premium,2,No,No,Yes,4,4,13,284820,Promoter,No,No,0.16,34,0
241,Premium,5,Yes,Yes,Yes,13,6,13,510398,Promoter,Yes,No,0.18,15,0
242,Premium,3,Yes,No,Yes,9,0,16,576105,Promoter,No,No,0.39,23,1
243,Premium,2,No,No,Yes,3,9,22,306871,Promoter,Yes,No,0.36,37,1
244,Premium,3,No,No,Yes,8,0,27,327605,Promoter,No,No,0.13,28,1
245,Premium,2,Yes,No,No,6,9,55,488454,Promoter,No,No,0.12,18,1
246,Premium,4,Yes,Yes,Yes,15,10,31,361891,Passive,Yes,No,0.59,52,1
247,Premium,2,No,Yes,No,5,7,20,324749,Promoter,No,No,0.73,28,1
248,Premium,3,No,Yes,No,6,10,22,404400,Promoter,No,No,0.18,36,1
249,Premium,4,Yes,Yes,No,6,4,56,291374,Promoter,No,No,0.72,3,0
250,Regular,1,Yes,No,Yes,30,2,19,6544,Promoter,Yes,No,0.38,51,1
251,Premium,3,No,Yes,No,6,1,20,384562,Promoter,Yes,Yes,0.16,45,0
252,Regular,2,No,Yes,No,9,4,63,36853,Passive,Yes,No,0.79,34,1
253,Premium,1,Yes,Yes,Yes,22,6,28,341124,Promoter,No,No,0.31,43,0
254,Premium,1,Yes,Yes,Yes,42,2,12,394164,Detractor,No,Yes,0.44,9,0
255,Premium,2,Yes,Yes,Yes,38,6,21,570742,Promoter,No,Yes,0.65,59,0
256,Premium,2,No,No,No,2,1,23,335412,Promoter,No,No,0.12,59,0
257,Premium,1,Yes,Yes,No,11,7,19,492815,Promoter,No,No,0.51,42,0
258,Regular,1,No,No,Yes,13,1,41,99393,Detractor,Yes,No,0.38,39,1
259,Premium,4,No,Yes,No,11,8,24,45896,Promoter,No,No,0.37,1,0
260,Premium,1,Yes,Yes,Yes,18,7,33,46558,Passive,No,No,0.11,15,0
261,Premium,4,No,Yes,No,7,1,36,46740,Promoter,No,No,0.68,50,0
262,Premium,7,No,Yes,Yes,12,2,27,48445,Promoter,No,No,0.17,40,0
263,Premium,1,No,No,Yes,6,1,14,48530,Promoter,No,No,0.19,3,0
264,Premium,3,No,No,Yes,5,6,28,48655,Passive,No,No,0.57,31,0
265,Regular,3,Yes,Yes,No,3,6,13,68249,Detractor,Yes,Yes,0.33,54,1
266,Premium,2,No,Yes,Yes,5,1,42,488352,Promoter,No,No,0.16,47,0
267,Premium,4,No,No,No,11,10,34,465980,Promoter,No,No,0.1,53,0
268,Premium,2,Yes,Yes,Yes,7,1,20,334466,Passive,No,No,0.17,60,0
269,Premium,3,Yes,Yes,Yes,19,0,20,422849,Passive,No,Yes,0.15,34,0
270,Premium,2,Yes,No,Yes,11,9,64,575206,Passive,No,No,0.13,31,0
271,Premium,1,Yes,Yes,Yes,15,1,24,424432,Promoter,No,No,0.7,26,0
272,Regular,2,No,No,Yes,12,2,21,7754,Detractor,No,Yes,0.62,6,1
273,Premium,2,Yes,Yes,Yes,17,10,49,452257,Promoter,Yes,No,0.5,32,0
274,Premium,3,Yes,Yes,Yes,6,7,28,391928,Promoter,No,No,0.17,41,0
275,Premium,4,No,No,Yes,15,2,17,522626,Promoter,No,No,0.75,7,0
276,Premium,1,No,Yes,No,15,6,22,459200,Promoter,No,No,0.11,45,0
277,Premium,4,Yes,Yes,Yes,44,4,33,411836,Passive,No,No,0.19,16,0
278,Premium,3,Yes,Yes,Yes,11,4,32,355130,Promoter,No,No,0.2,11,0
279,Premium,1,No,Yes,Yes,14,7,24,356043,Detractor,No,Yes,0.02,25,0
280,Regular,1,No,No,No,8,1,26,40377,Detractor,No,Yes,0.37,6,1
281,Regular,2,Yes,Yes,Yes,2,0,16,16150,Detractor,No,Yes,0.66,4,1
282,Regular,1,No,Yes,Yes,9,4,32,75844,Passive,Yes,Yes,0.78,2,1
283,Premium,1,Yes,Yes,Yes,25,9,39,493555,Detractor,No,Yes,0.38,35,0
284,Premium,3,No,No,Yes,10,6,31,56795,Promoter,No,No,0.54,47,0
285,Premium,1,Yes,Yes,Yes,15,1,48,56949,Passive,No,No,0.11,22,0
286,Premium,3,Yes,Yes,No,5,8,66,58259,Promoter,No,No,0.14,57,0
287,Premium,1,Yes,Yes,No,23,0,57,58399,Detractor,No,No,0.14,44,0
288,Premium,3,No,Yes,Yes,31,1,22,60355,Promoter,No,No,0.68,49,0
289,Premium,2,Yes,No,Yes,11,10,25,62943,Promoter,No,No,0.17,44,0
290,Premium,3,No,No,Yes,11,1,26,64262,Passive,No,No,0.71,30,0
291,Premium,2,Yes,No,Yes,14,6,16,64677,Passive,No,No,0.11,34,0
292,Premium,1,Yes,Yes,Yes,32,2,35,65433,Detractor,No,No,0.17,14,0
293,Premium,2,Yes,Yes,Yes,12,2,34,66338,Detractor,No,No,0.14,45,0
294,Premium,5,No,No,Yes,5,2,19,67080,Passive,No,No,0.36,38,0
295,Regular,1,No,Yes,No,2,2,30,7694,Detractor,No,Yes,0.59,18,1
296,Premium,3,Yes,Yes,Yes,4,0,39,255165,Passive,No,No,0.17,13,0
297,Premium,2,No,No,Yes,4,8,16,433866,Promoter,No,No,0.56,33,0
298,Premium,2,No,No,Yes,13,5,25,458585,Promoter,No,No,0.02,6,0
299,Premium,2,No,Yes,Yes,11,5,30,549802,Passive,Yes,No,0.71,60,0
300,Premium,5,No,Yes,No,13,2,44,489163,Promoter,No,No,0.05,4,0
301,Premium,5,No,No,Yes,11,1,12,274003,Passive,No,No,0.7,44,0
302,Premium,1,No,No,Yes,3,0,25,337970,Passive,No,No,0.33,44,0
303,Premium,2,No,Yes,Yes,33,10,34,516374,Promoter,No,No,0.46,28,1
304,Regular,2,No,No,No,14,1,33,7084,Detractor,No,Yes,0.43,28,1
305,Premium,3,No,Yes,No,2,6,66,565008,Promoter,No,No,0.18,9,1
306,Premium,2,No,Yes,No,10,6,26,485210,Promoter,No,No,0.11,60,1
307,Premium,4,Yes,Yes,Yes,11,2,13,335698,Detractor,No,No,0.02,32,1
308,Premium,4,Yes,Yes,Yes,15,4,71,382792,Promoter,No,No,0.16,2,1
309,Premium,1,No,Yes,Yes,28,9,12,288020,Promoter,No,No,0.43,42,1
310,Premium,3,Yes,No,Yes,3,1,33,75462,Promoter,No,No,0.58,1,0
311,Premium,1,Yes,Yes,Yes,17,5,21,76040,Promoter,Yes,No,0.37,37,0
312,Premium,3,No,Yes,Yes,8,6,25,77586,Promoter,No,No,0.18,52,0
313,Premium,1,Yes,Yes,Yes,19,9,13,78384,Detractor,No,Yes,0.18,1,0
314,Premium,2,Yes,Yes,Yes,9,0,49,78436,Detractor,No,Yes,0.59,49,0
315,Premium,3,Yes,No,Yes,12,4,52,78688,Detractor,Yes,Yes,0.13,52,0
316,Premium,3,No,Yes,No,10,5,51,79028,Promoter,No,No,0.13,37,0
317,Premium,3,Yes,Yes,Yes,29,7,26,79247,Detractor,Yes,No,0.71,44,0
318,Premium,2,Yes,No,No,14,7,65,79975,Promoter,Yes,No,0.17,39,0
319,Premium,2,Yes,No,No,15,0,15,79995,Promoter,Yes,No,0.52,40,0
320,Premium,2,No,Yes,Yes,6,7,26,80115,Passive,Yes,No,0.03,1,0
321,Premium,5,No,Yes,Yes,21,0,27,81406,Promoter,No,No,0.5,50,0
322,Premium,3,Yes,Yes,Yes,9,9,39,82650,Passive,No,Yes,0.46,36,0
323,Premium,7,No,No,Yes,44,5,51,82822,Passive,Yes,No,0.73,48,0
324,Premium,1,Yes,Yes,Yes,27,1,17,83727,Promoter,Yes,No,0.6,24,0
325,Premium,1,Yes,Yes,No,11,5,13,83733,Promoter,No,No,0.66,23,0
326,Premium,1,Yes,Yes,Yes,15,10,52,84821,Detractor,No,Yes,0.36,44,0
327,Premium,3,No,No,Yes,2,1,28,85263,Promoter,Yes,No,0.65,18,0
328,Premium,4,No,Yes,No,5,10,14,486058,Promoter,No,No,0.17,29,0
329,Premium,1,No,Yes,Yes,9,7,33,304363,Promoter,No,Yes,0.15,44,0
330,Premium,2,Yes,No,No,35,1,34,546740,Promoter,No,No,0.19,24,0
331,Premium,2,Yes,Yes,Yes,2,2,24,250427,Promoter,No,No,0.19,53,0
332,Premium,4,No,Yes,Yes,4,0,62,415580,Detractor,No,Yes,0.03,16,0
333,Premium,4,No,No,Yes,10,2,55,537167,Promoter,No,No,0.15,30,0
334,Premium,2,Yes,Yes,Yes,19,7,55,573553,Promoter,No,Yes,0.5,50,0
335,Premium,5,Yes,No,No,5,0,23,458561,Passive,Yes,Yes,0.17,8,0
336,Premium,5,No,Yes,Yes,19,9,28,498695,Detractor,No,Yes,0.1,56,0
337,Premium,1,No,No,Yes,13,9,35,462114,Promoter,No,No,0.2,52,0
338,Regular,3,No,No,No,8,8,54,89016,Detractor,Yes,No,0.33,34,1
339,Premium,4,No,No,Yes,9,0,21,379961,Passive,Yes,No,0.06,22,0
340,Premium,3,Yes,Yes,Yes,4,10,34,338941,Passive,No,Yes,0.48,26,0
341,Premium,4,Yes,No,No,10,2,24,396928,Promoter,No,No,0.56,11,0
342,Regular,3,No,No,Yes,11,10,33,6868,Detractor,No,Yes,0.66,18,1
343,Premium,1,No,Yes,Yes,17,5,26,579710,Promoter,No,No,0.58,49,0
344,Premium,5,No,Yes,No,4,6,53,95685,Promoter,No,Yes,0.48,33,0
345,Premium,2,No,Yes,Yes,14,10,15,96175,Promoter,Yes,No,0.49,16,0
346,Premium,4,No,Yes,Yes,10,9,17,96315,Promoter,No,No,0.12,12,0
347,Premium,5,Yes,Yes,No,7,2,13,96584,Promoter,No,No,0.12,14,0
348,Regular,5,Yes,No,Yes,11,1,24,7084,Detractor,No,Yes,0.46,12,1
349,Premium,1,Yes,Yes,No,32,9,22,96638,Promoter,No,No,0.18,21,0
350,Premium,3,Yes,Yes,Yes,7,4,22,98714,Promoter,No,Yes,0.6,27,0
351,Regular,1,Yes,Yes,No,11,1,22,273637,Detractor,Yes,Yes,0.12,56,1
352,Premium,2,Yes,No,Yes,3,1,30,99430,Passive,No,No,0.55,54,0
353,Regular,2,No,No,No,7,7,15,704514,Promoter,Yes,No,0.12,45,1
354,Regular,3,No,No,No,11,5,24,585865,Detractor,No,Yes,0.12,26,1
355,Premium,1,Yes,Yes,Yes,10,9,35,99512,Passive,No,Yes,0.2,9,0
356,Regular,5,No,Yes,Yes,10,3,61,73416,Detractor,Yes,Yes,0.13,43,1
357,Regular,1,No,No,No,2,2,12,86187,Promoter,Yes,Yes,0.14,4,1
358,Regular,2,No,No,No,2,1,27,7694,Detractor,No,Yes,0.14,32,1
359,Regular,1,No,No,No,17,2,20,6445,Detractor,No,Yes,0.14,57,1
360,Regular,2,No,No,Yes,10,8,39,33065,Detractor,Yes,No,0.14,51,1
361,Regular,3,No,No,No,10,9,12,96294,Detractor,Yes,Yes,0.14,41,1
362,Regular,1,No,No,Yes,14,6,43,89790,Detractor,Yes,No,0.15,38,1
363,Regular,3,No,No,Yes,11,1,39,90082,Detractor,Yes,Yes,0.15,49,1
364,Regular,4,No,Yes,Yes,3,0,27,7084,Detractor,Yes,Yes,0.15,41,1
365,Regular,2,No,Yes,Yes,8,0,23,45611,Detractor,Yes,Yes,0.15,11,1
366,Regular,1,No,Yes,No,18,0,30,74367,Promoter,No,No,0.58,16,1
367,Regular,2,No,Yes,No,27,1,26,273608,Detractor,Yes,Yes,0.78,51,1
368,Regular,2,Yes,No,No,7,6,16,13697,Detractor,Yes,Yes,0.76,39,1
369,Regular,4,No,No,No,9,2,20,70620,Detractor,No,No,0.16,13,1
370,Regular,1,No,Yes,No,11,2,70,44804,Promoter,Yes,No,0.16,4,1
371,Regular,1,No,Yes,No,9,8,63,60971,Detractor,Yes,Yes,0.16,43,1
372,Regular,3,No,No,No,15,1,16,32476,Passive,Yes,Yes,0.17,32,1
373,Regular,1,No,No,No,2,10,18,27171,Promoter,Yes,Yes,0.17,33,1
374,Regular,2,No,No,No,8,1,27,55026,Passive,Yes,Yes,0.17,2,1
375,Regular,2,No,No,No,6,4,35,34257,Passive,Yes,No,0.17,5,1
376,Regular,3,No,No,Yes,9,9,34,71540,Detractor,Yes,Yes,0.17,39,1
377,Regular,2,No,No,No,14,5,30,27477,Detractor,Yes,No,0.37,59,1
378,Regular,1,Yes,No,Yes,9,10,29,91122,Detractor,Yes,Yes,0.7,15,1
379,Regular,3,Yes,Yes,No,14,2,19,88979,Detractor,Yes,Yes,0.42,25,1
380,Regular,2,No,Yes,No,2,4,27,57108,Passive,No,No,0.34,43,1
381,Premium,3,No,Yes,Yes,7,2,15,99603,Passive,No,No,0.18,42,0
382,Regular,2,No,Yes,No,14,3,14,6445,Detractor,No,Yes,0.31,43,1
383,Regular,3,No,Yes,Yes,24,2,13,7765,Promoter,Yes,No,0.36,44,1
384,Regular,2,Yes,No,No,8,1,31,29951,Detractor,Yes,Yes,0.71,26,1
385,Regular,1,No,Yes,No,5,6,32,32458,Promoter,Yes,No,0.41,33,1
386,Regular,4,No,No,No,6,5,28,291162,Detractor,Yes,Yes,0.5,6,1
387,Regular,2,No,Yes,No,3,2,14,96401,Detractor,Yes,No,0.39,24,1
388,Regular,2,No,No,No,12,2,12,97029,Detractor,Yes,Yes,0.38,8,1
389,Regular,3,No,No,No,37,4,12,6596,Detractor,No,No,0.35,25,1
390,Regular,3,No,No,Yes,10,1,14,268712,Detractor,Yes,No,0.55,6,1
391,Regular,1,No,No,No,11,7,26,75599,Promoter,No,Yes,0.51,4,1
392,Regular,7,No,No,Yes,12,9,17,410290,Detractor,Yes,No,0.3,51,1
393,Regular,1,Yes,Yes,Yes,19,2,71,4820,Detractor,Yes,Yes,0.31,35,1
394,Regular,1,No,Yes,No,9,0,39,64101,Detractor,Yes,Yes,0.32,49,1
395,Regular,2,No,No,Yes,6,6,24,60640,Passive,Yes,Yes,0.32,40,1
396,Regular,1,No,No,No,19,2,16,24855,Detractor,Yes,No,0.32,24,1
397,Regular,1,Yes,No,No,16,9,28,71608,Passive,Yes,No,0.5,2,1
398,Regular,2,No,No,No,16,8,46,78129,Detractor,Yes,No,0.67,53,1
399,Regular,2,No,No,No,12,2,57,6322,Detractor,No,No,0.32,28,1
400,Regular,1,No,Yes,No,36,5,19,3354,Promoter,Yes,Yes,0.57,46,1
401,Regular,2,No,No,Yes,8,0,15,56648,Detractor,No,Yes,0.54,6,1
402,Regular,2,Yes,Yes,No,8,2,32,93157,Detractor,Yes,Yes,0.75,35,1
403,Regular,1,No,No,No,5,2,25,99316,Detractor,Yes,Yes,0.45,38,1
404,Regular,2,Yes,No,No,3,2,48,6544,Detractor,No,Yes,0.34,53,1
405,Regular,1,No,Yes,Yes,10,6,29,7754,Passive,Yes,No,0.35,17,1
406,Regular,1,No,Yes,No,5,0,16,23720,Passive,Yes,No,0.35,32,1
407,Regular,1,Yes,No,No,10,5,22,86906,Passive,Yes,Yes,0.36,4,1
408,Regular,1,Yes,Yes,No,17,4,23,8798,Promoter,No,Yes,0.36,23,1
409,Regular,1,Yes,No,Yes,24,2,23,4820,Promoter,Yes,Yes,0.36,6,1
410,Regular,1,No,Yes,No,12,2,58,33562,Detractor,Yes,Yes,0.36,58,1
411,Regular,1,Yes,No,No,11,7,57,97114,Passive,Yes,Yes,0.36,32,1
412,Regular,4,No,Yes,No,14,5,39,491758,Detractor,No,No,0.37,32,1
413,Regular,1,No,Yes,Yes,15,5,16,743738,Promoter,No,No,0.38,53,1
414,Regular,4,No,Yes,Yes,33,6,35,7754,Detractor,Yes,Yes,0.38,38,1
415,Regular,3,No,No,No,15,2,30,413709,Detractor,Yes,Yes,0.39,47,1
416,Regular,3,No,No,No,8,6,66,71841,Passive,Yes,Yes,0.39,4,1
417,Regular,2,No,No,Yes,2,0,28,29833,Detractor,Yes,Yes,0.4,23,1
418,Regular,1,No,No,Yes,18,2,30,4385,Passive,Yes,Yes,0.4,39,1
419,Regular,3,Yes,Yes,No,10,0,30,89584,Passive,Yes,Yes,0.43,3,1
420,Regular,1,No,No,No,4,6,61,702435,Detractor,No,No,0.55,11,1
421,Regular,4,No,No,No,5,3,31,36235,Detractor,No,No,0.53,43,1
422,Regular,1,No,Yes,No,9,3,22,45554,Detractor,Yes,Yes,0.7,3,1
423,Regular,3,No,No,No,11,1,25,12756,Detractor,No,No,0.45,45,1
424,Regular,1,No,No,No,6,5,34,6868,Detractor,No,Yes,0.41,52,1
425,Regular,2,Yes,No,No,40,5,25,45745,Detractor,Yes,No,0.72,16,1
426,Regular,2,No,No,No,10,2,20,90823,Passive,Yes,Yes,0.54,28,1
427,Regular,2,No,Yes,Yes,7,1,31,67562,Passive,Yes,No,0.33,40,1
428,Regular,5,No,No,No,11,2,15,23181,Detractor,Yes,No,0.31,26,1
429,Regular,3,No,Yes,Yes,5,6,22,44858,Passive,Yes,Yes,0.55,38,1
430,Regular,1,No,No,No,12,2,26,258252,Detractor,Yes,Yes,0.63,29,1
431,Regular,1,No,No,No,5,1,19,721260,Passive,Yes,No,0.78,56,1
432,Regular,1,No,No,No,7,7,48,76364,Promoter,No,Yes,0.32,52,1
433,Regular,5,No,Yes,No,26,9,53,15890,Detractor,Yes,No,0.72,26,1
434,Regular,2,No,No,No,10,7,19,2565,Promoter,Yes,No,0.39,45,1
435,Regular,2,No,No,Yes,11,2,15,56759,Detractor,No,Yes,0.53,57,1
436,Regular,1,No,No,Yes,6,6,32,76086,Promoter,No,No,0.45,24,1
437,Regular,4,Yes,No,Yes,12,5,14,6544,Promoter,Yes,No,0.46,33,1
438,Regular,1,No,No,No,8,6,34,93497,Passive,Yes,Yes,0.46,59,1
439,Regular,2,No,Yes,No,5,5,24,95771,Detractor,Yes,Yes,0.46,9,1
440,Regular,2,No,No,No,8,8,57,35765,Promoter,Yes,Yes,0.46,38,1
441,Regular,1,No,No,No,9,4,12,88259,Detractor,No,Yes,0.47,48,1
442,Regular,3,No,No,Yes,12,1,17,25067,Detractor,Yes,No,0.47,52,1
443,Regular,1,No,No,No,2,5,35,26624,Detractor,Yes,Yes,0.47,49,1
444,Regular,1,No,No,No,6,2,28,72623,Detractor,Yes,Yes,0.47,48,1
445,Regular,3,No,No,No,15,6,26,78996,Detractor,Yes,Yes,0.48,3,1
446,Regular,1,No,Yes,No,10,5,12,56120,Detractor,Yes,Yes,0.49,31,1
447,Regular,1,No,No,No,6,1,57,30482,Promoter,Yes,Yes,0.49,5,1
448,Regular,1,No,No,No,15,5,13,4820,Promoter,Yes,No,0.49,21,1
449,Regular,2,No,No,Yes,14,5,21,10822,Detractor,Yes,No,0.44,55,1
450,Regular,1,No,Yes,No,4,7,28,16911,Passive,Yes,No,0.5,16,1
451,Regular,1,No,Yes,Yes,14,0,14,56201,Promoter,Yes,Yes,0.53,26,1
452,Regular,2,No,Yes,No,12,1,26,6868,Detractor,Yes,Yes,0.35,26,1
453,Regular,2,No,No,No,8,7,14,54023,Detractor,Yes,Yes,0.45,58,1
454,Regular,4,No,No,No,29,2,12,7694,Detractor,Yes,Yes,0.58,2,1
455,Regular,1,No,Yes,No,12,1,42,6596,Detractor,Yes,Yes,0.63,10,1
456,Regular,4,No,Yes,No,10,2,23,387416,Detractor,Yes,Yes,0.52,50,1
457,Regular,1,No,No,No,9,7,28,22418,Passive,Yes,Yes,0.52,45,1
458,Regular,2,Yes,No,No,2,2,20,67278,Passive,Yes,Yes,0.52,14,1
459,Regular,3,Yes,No,Yes,8,2,20,55408,Detractor,No,Yes,0.52,51,1
460,Regular,2,No,No,Yes,12,2,46,83715,Detractor,Yes,Yes,0.53,56,1
461,Regular,4,No,Yes,No,14,2,24,89117,Detractor,Yes,Yes,0.53,39,1
462,Regular,1,No,No,Yes,11,1,19,353593,Detractor,Yes,Yes,0.59,11,1
463,Regular,1,No,Yes,No,17,9,42,12599,Promoter,No,Yes,0.54,5,1
464,Regular,1,Yes,No,No,4,4,22,94139,Detractor,Yes,Yes,0.35,35,1
465,Regular,4,Yes,No,No,15,2,29,45121,Passive,Yes,No,0.36,22,1
466,Regular,1,No,No,Yes,2,9,18,28758,Detractor,Yes,Yes,0.65,55,1
467,Regular,2,No,Yes,No,10,1,34,73525,Detractor,Yes,No,0.57,49,1
468,Regular,1,No,Yes,No,13,1,32,94929,Detractor,Yes,No,0.65,6,1
469,Regular,3,No,No,No,3,8,29,76666,Detractor,Yes,Yes,0.49,13,1
470,Regular,1,No,No,Yes,3,0,13,41586,Passive,Yes,Yes,0.71,10,1
471,Regular,2,No,No,Yes,3,7,64,91930,Detractor,Yes,Yes,0.33,33,1
472,Regular,2,No,No,Yes,17,1,28,6163,Detractor,No,Yes,0.64,60,1
473,Regular,3,Yes,No,No,13,4,21,99960,Detractor,Yes,Yes,0.35,46,1
474,Regular,2,No,Yes,No,25,1,30,73269,Detractor,No,Yes,0.63,43,1
475,Regular,3,No,No,No,7,9,17,58076,Promoter,Yes,Yes,0.56,30,1
476,Regular,1,No,Yes,Yes,2,0,34,12929,Promoter,No,Yes,0.79,5,1
477,Regular,2,Yes,No,No,15,6,15,40705,Detractor,Yes,Yes,0.57,16,1
478,Regular,1,No,No,No,2,1,25,10357,Passive,Yes,No,0.57,20,1
479,Regular,3,No,Yes,No,26,1,20,6163,Detractor,Yes,No,0.58,40,1
480,Regular,1,Yes,No,No,30,2,26,6322,Promoter,Yes,Yes,0.58,31,1
481,Regular,1,No,Yes,No,3,1,20,16873,Detractor,Yes,Yes,0.58,1,1
482,Regular,2,No,No,Yes,34,10,48,50264,Detractor,Yes,No,0.58,35,1
483,Regular,4,No,No,No,36,2,17,328505,Promoter,Yes,No,0.58,43,1
484,Premium,2,No,Yes,Yes,20,10,26,99841,Promoter,No,No,0.06,56,0
485,Regular,1,No,Yes,Yes,8,1,69,39883,Passive,Yes,Yes,0.58,26,1
486,Regular,1,Yes,No,No,8,2,13,13263,Promoter,No,Yes,0.59,48,1
487,Regular,2,No,No,No,9,5,19,13517,Detractor,Yes,Yes,0.59,20,1
488,Regular,3,No,No,No,27,2,52,35870,Detractor,No,Yes,0.59,20,1
489,Regular,2,No,No,No,13,9,31,87466,Detractor,Yes,No,0.59,50,1
490,Regular,1,No,Yes,Yes,29,1,25,497431,Detractor,Yes,No,0.59,1,1
491,Regular,1,No,No,No,10,6,22,56686,Promoter,Yes,Yes,0.6,46,1
492,Regular,1,No,Yes,Yes,10,8,37,31651,Detractor,Yes,Yes,0.6,45,1
493,Regular,1,No,Yes,Yes,8,1,14,7084,Detractor,No,No,0.6,18,1
494,Regular,1,Yes,No,No,2,5,16,502552,Passive,Yes,No,0.6,34,1
495,Regular,2,No,Yes,No,13,9,51,27005,Passive,Yes,No,0.6,1,1
496,Regular,1,Yes,Yes,Yes,4,2,25,6868,Promoter,Yes,Yes,0.6,57,1
497,Regular,2,No,Yes,No,10,0,52,51127,Detractor,Yes,No,0.61,2,1
498,Regular,5,No,No,No,12,1,24,75109,Detractor,Yes,Yes,0.62,52,1
499,Regular,1,No,Yes,No,9,9,13,84211,Promoter,No,No,0.62,10,1
500,Regular,1,No,No,No,6,8,44,75067,Passive,Yes,Yes,0.62,11,1
501,Regular,4,No,No,Yes,14,2,34,41144,Detractor,Yes,Yes,0.35,56,1
502,Regular,2,Yes,No,Yes,15,2,35,77614,Detractor,Yes,Yes,0.59,20,1
503,Regular,1,Yes,Yes,Yes,11,9,34,60616,Detractor,Yes,Yes,0.58,60,1
504,Regular,1,No,Yes,No,6,8,16,23757,Detractor,Yes,Yes,0.68,45,1
505,Premium,3,Yes,No,Yes,3,9,60,99947,Passive,No,Yes,0.64,24,0
506,Regular,5,Yes,Yes,Yes,13,6,61,52419,Detractor,Yes,Yes,0.51,6,1
507,Regular,1,No,No,Yes,5,4,52,79777,Promoter,No,Yes,0.72,35,1
508,Regular,2,No,No,No,28,2,62,9868,Detractor,Yes,No,0.53,3,1
509,Regular,1,Yes,No,No,9,2,24,19157,Passive,Yes,Yes,0.68,28,1
510,Regular,2,No,No,No,14,8,30,25240,Detractor,Yes,No,0.63,2,1
511,Regular,1,Yes,Yes,No,29,4,47,57747,Promoter,No,No,0.65,51,1
512,Regular,1,No,No,No,11,6,31,18820,Detractor,No,Yes,0.65,1,1
513,Regular,1,No,Yes,Yes,4,4,50,66157,Passive,Yes,Yes,0.65,17,1
514,Regular,1,No,No,No,5,1,55,20431,Detractor,Yes,Yes,0.65,58,1
515,Regular,1,No,Yes,No,2,5,42,34438,Passive,Yes,Yes,0.66,25,1
516,Regular,1,No,No,No,14,1,28,6596,Detractor,No,No,0.66,45,1
517,Regular,2,No,No,No,12,2,28,68497,Detractor,Yes,No,0.66,19,1
518,Regular,3,No,Yes,No,7,9,27,91977,Detractor,Yes,Yes,0.66,58,1
519,Regular,1,Yes,No,No,4,2,13,81070,Detractor,No,Yes,0.66,15,1
520,Regular,1,Yes,Yes,Yes,6,9,14,21106,Detractor,Yes,Yes,0.66,34,1
521,Regular,3,No,Yes,No,13,2,20,71911,Detractor,Yes,No,0.66,4,1
522,Regular,1,No,Yes,No,33,1,25,6322,Promoter,Yes,Yes,0.67,16,1
523,Regular,1,No,Yes,No,2,1,22,70175,Detractor,No,No,0.37,35,1
524,Regular,1,No,No,No,5,1,55,94512,Detractor,Yes,Yes,0.77,57,1
525,Regular,5,No,No,No,21,6,69,9283,Detractor,No,No,0.33,50,1
526,Regular,2,No,No,No,14,1,17,92781,Detractor,Yes,Yes,0.37,7,1
527,Regular,4,No,Yes,No,42,7,60,30712,Detractor,Yes,Yes,0.52,54,1
528,Regular,4,Yes,Yes,No,13,2,22,74278,Detractor,Yes,Yes,0.31,2,1
529,Regular,1,Yes,No,Yes,3,1,33,17603,Detractor,Yes,Yes,0.48,30,1
530,Regular,3,No,No,No,10,10,14,53734,Detractor,Yes,Yes,0.37,16,1
531,Regular,3,No,No,Yes,16,2,70,85229,Detractor,Yes,Yes,0.56,13,1
532,Regular,2,No,Yes,No,9,8,33,59596,Promoter,Yes,Yes,0.31,34,1
533,Regular,2,Yes,No,No,11,6,54,28044,Promoter,Yes,No,0.69,53,1
534,Regular,2,No,No,No,12,2,51,40031,Passive,Yes,Yes,0.73,60,1
535,Regular,3,No,No,Yes,5,6,27,29400,Detractor,Yes,Yes,0.31,52,1
536,Regular,3,No,No,No,10,1,20,6445,Detractor,No,No,0.7,24,1
537,Regular,3,No,No,No,23,1,12,17510,Passive,Yes,Yes,0.71,19,1
538,Regular,2,No,Yes,Yes,41,1,27,7694,Detractor,No,Yes,0.71,30,1
539,Regular,1,Yes,No,No,11,9,63,14737,Detractor,Yes,Yes,0.71,24,1
540,Regular,2,No,Yes,Yes,5,8,32,36293,Promoter,Yes,Yes,0.71,34,1
541,Regular,1,Yes,No,No,2,2,19,6322,Passive,Yes,No,0.71,9,1
542,Regular,1,Yes,No,No,11,9,41,6596,Passive,Yes,Yes,0.72,52,1
543,Regular,1,No,No,Yes,15,1,43,18673,Detractor,Yes,No,0.72,6,1
544,Regular,3,Yes,No,No,40,5,28,474280,Passive,Yes,No,0.72,41,1
545,Regular,2,Yes,Yes,Yes,4,1,35,10182,Detractor,Yes,Yes,0.73,53,1
546,Regular,1,No,No,Yes,4,1,22,82928,Detractor,Yes,Yes,0.73,45,1
547,Regular,4,Yes,Yes,No,19,2,35,47566,Detractor,Yes,Yes,0.73,49,1
548,Regular,2,No,Yes,No,15,8,70,91219,Detractor,Yes,No,0.73,56,1
549,Regular,2,No,Yes,No,9,1,27,8700,Passive,Yes,Yes,0.74,23,1
550,Regular,1,No,Yes,No,12,0,16,4820,Passive,Yes,No,0.74,38,1
551,Regular,1,No,No,Yes,15,2,18,6544,Detractor,No,Yes,0.74,40,1
552,Regular,2,No,No,No,12,6,23,491466,Detractor,Yes,Yes,0.74,40,1
553,Regular,2,No,No,No,8,0,69,93687,Passive,Yes,No,0.74,18,1
554,Regular,3,No,Yes,Yes,16,1,29,73032,Detractor,Yes,Yes,0.75,23,1
555,Regular,1,No,Yes,No,11,2,69,48458,Detractor,Yes,Yes,0.75,55,1
556,Regular,1,No,No,No,8,0,27,85584,Detractor,Yes,Yes,0.75,50,1
557,Regular,1,No,No,No,8,5,14,62945,Promoter,No,Yes,0.75,26,1
558,Regular,1,Yes,Yes,No,10,5,26,408133,Promoter,Yes,No,0.75,5,1
559,Regular,1,No,Yes,Yes,4,1,30,7765,Detractor,No,Yes,0.76,44,1
560,Regular,2,No,No,No,7,2,16,81478,Detractor,No,Yes,0.76,10,1
561,Regular,2,No,No,No,10,2,38,76317,Passive,Yes,No,0.76,58,1
562,Regular,2,No,Yes,Yes,15,5,53,6596,Promoter,Yes,No,0.76,44,1
563,Regular,5,No,No,No,37,5,23,89678,Detractor,Yes,No,0.76,42,1
564,Regular,2,No,No,No,3,10,28,87621,Passive,Yes,Yes,0.77,46,1
565,Regular,1,No,Yes,No,5,2,20,29448,Detractor,Yes,No,0.77,48,1
566,Regular,1,No,No,No,2,8,12,7891,Passive,Yes,Yes,0.77,59,1
567,Regular,2,Yes,Yes,Yes,3,1,60,14640,Passive,Yes,Yes,0.78,1,1
568,Regular,2,No,No,No,7,7,34,66486,Detractor,Yes,No,0.78,38,1
569,Regular,2,No,Yes,Yes,13,2,31,48592,Detractor,Yes,Yes,0.78,1,1
570,Regular,3,No,No,No,15,2,33,508577,Detractor,Yes,No,0.78,57,1
571,Regular,2,No,No,Yes,10,2,24,10834,Detractor,Yes,Yes,0.78,12,1
572,Regular,2,Yes,Yes,Yes,5,10,25,476054,Detractor,No,Yes,0.78,25,1
573,Regular,7,No,Yes,No,5,9,33,88117,Passive,Yes,No,0.79,9,1
574,Regular,2,No,No,No,7,1,26,66864,Detractor,No,Yes,0.79,9,1
575,Regular,1,No,No,No,8,2,32,6163,Detractor,Yes,No,0.79,14,1
576,Regular,2,Yes,Yes,No,4,4,53,86335,Passive,Yes,Yes,0.8,14,1
577,Premium,1,Yes,No,Yes,3,5,12,257694,Passive,No,No,0.06,12,0
578,Premium,2,Yes,No,Yes,16,7,34,260437,Passive,No,No,0.44,41,0
579,Premium,4,No,No,Yes,9,7,19,271982,Passive,No,No,0.63,24,0
580,Premium,1,No,No,No,10,2,12,278109,Detractor,No,No,0.16,39,0
581,Premium,1,Yes,Yes,Yes,14,2,18,292892,Promoter,No,No,0.36,33,0
582,Premium,2,No,Yes,Yes,13,2,12,325237,Promoter,No,No,0.15,38,0
583,Premium,2,Yes,Yes,Yes,28,1,16,333628,Promoter,Yes,No,0.68,20,0
584,Premium,4,Yes,Yes,Yes,12,10,32,351782,Promoter,Yes,No,0.65,22,0
585,Premium,2,No,No,No,4,0,17,354956,Promoter,No,No,0.53,58,0
586,Premium,3,Yes,No,Yes,4,5,13,389761,Promoter,No,No,0.61,51,1
587,Premium,4,No,No,Yes,10,0,14,415156,Promoter,No,No,0.09,2,1
588,Premium,2,No,No,Yes,10,1,33,418928,Passive,Yes,No,0.19,11,1
589,Premium,1,Yes,Yes,No,5,6,29,431662,Promoter,Yes,Yes,0.1,39,1
590,Premium,5,Yes,No,Yes,10,2,37,459171,Passive,No,No,0.15,46,1
591,Premium,1,Yes,Yes,Yes,32,8,25,460124,Promoter,No,No,0.62,17,1
592,Premium,4,No,Yes,Yes,13,4,27,472610,Promoter,Yes,No,0.52,23,1
593,Premium,6,Yes,Yes,Yes,17,4,29,487306,Detractor,Yes,No,0.57,14,1
594,Premium,4,Yes,Yes,Yes,19,0,30,490478,Detractor,No,No,0.17,17,0
595,Premium,2,No,No,Yes,4,1,18,500230,Detractor,No,No,0.75,23,0
596,Premium,2,No,No,Yes,5,5,43,512117,Detractor,No,No,0.67,33,0
597,Premium,1,No,No,Yes,6,0,34,513337,Detractor,Yes,Yes,0.19,24,0
598,Premium,2,Yes,Yes,Yes,14,9,60,532061,Promoter,No,No,0.49,9,0
599,Premium,2,No,No,Yes,14,7,13,535322,Promoter,No,No,0.07,29,0
600,Premium,3,No,Yes,Yes,3,2,27,536123,Detractor,No,No,0.34,15,0
601,Premium,1,Yes,Yes,No,18,9,64,551570,Promoter,No,No,0.17,57,0
602,Premium,1,Yes,Yes,Yes,30,5,30,570399,Promoter,No,Yes,0.67,21,0
603,Premium,3,No,No,Yes,15,9,35,570695,Detractor,No,No,0.77,39,0
604,Premium,4,No,No,Yes,23,2,32,585611,Promoter,No,No,0.79,39,0
605,Premium,1,No,No,Yes,9,2,23,608929,Promoter,No,No,0.55,52,0
606,Premium,7,No,No,Yes,11,0,14,625864,Promoter,No,Yes,0.18,7,0
607,Premium,3,No,Yes,Yes,12,2,40,626256,Passive,No,No,0.19,20,0
608,Premium,2,No,No,Yes,5,0,28,643132,Promoter,No,No,0.02,22,0
609,Premium,5,No,No,Yes,9,1,15,659036,Promoter,No,No,0.2,33,0
610,Premium,2,Yes,Yes,Yes,40,8,17,668169,Detractor,No,Yes,0.16,46,0
611,Premium,2,No,Yes,Yes,14,1,25,672489,Promoter,No,No,0.39,38,0
612,Premium,1,No,No,Yes,19,4,21,674392,Detractor,No,No,0.38,14,0
613,Premium,4,No,No,Yes,9,1,34,685825,Detractor,No,No,0.15,38,0
614,Premium,2,No,No,Yes,2,1,34,686067,Promoter,No,No,0.08,56,0
615,Premium,2,No,No,Yes,15,0,13,689410,Promoter,Yes,No,0.43,46,0
616,Premium,1,No,No,Yes,10,5,25,696643,Passive,Yes,No,0.56,35,0
617,Preferred,1,No,Yes,No,10,6,62,16294,Detractor,No,Yes,0.75,42,1
618,Premium,2,Yes,Yes,Yes,17,8,40,740829,Passive,Yes,Yes,0.15,57,0
619,Premium,3,No,No,Yes,6,1,21,741997,Promoter,No,No,0.05,45,0
620,Premium,2,No,Yes,Yes,18,6,26,744174,Promoter,No,No,0.48,15,0
621,Regular,1,No,No,Yes,10,2,31,2698,Promoter,No,No,0.18,1,0
622,Regular,5,No,No,Yes,6,2,32,2928,Passive,Yes,No,0.67,43,0
623,Regular,2,No,Yes,No,15,1,28,3189,Promoter,No,No,0.11,41,0
624,Regular,1,Yes,Yes,No,18,10,25,3479,Promoter,No,No,0.19,41,0
625,Regular,1,Yes,Yes,Yes,19,2,15,3620,Detractor,No,Yes,0.8,20,0
626,Regular,1,Yes,Yes,Yes,24,1,68,3774,Passive,No,Yes,0.4,58,0
627,Regular,1,Yes,Yes,Yes,28,2,23,4400,Promoter,No,No,0.14,47,0
628,Regular,2,Yes,Yes,No,3,0,24,4527,Promoter,No,No,0.14,31,0
629,Regular,2,No,Yes,Yes,7,5,16,4906,Promoter,No,Yes,0.37,6,0
630,Regular,1,Yes,Yes,Yes,13,0,29,5274,Promoter,No,No,0.13,14,0
631,Regular,2,Yes,No,No,9,1,29,5735,Promoter,No,No,0.2,24,0
632,Regular,3,Yes,Yes,No,7,7,51,5844,Promoter,No,Yes,0.69,33,0
633,Regular,2,Yes,Yes,Yes,3,2,20,6524,Detractor,No,Yes,0.46,12,0
634,Regular,4,Yes,Yes,No,10,8,41,8369,Promoter,No,No,0.16,57,0
635,Regular,1,No,Yes,Yes,10,1,28,8413,Promoter,Yes,Yes,0.61,53,0
636,Regular,2,Yes,Yes,Yes,15,8,16,8687,Promoter,No,No,0.17,36,0
637,Regular,2,No,Yes,Yes,7,8,24,9053,Passive,No,No,0.17,39,1
638,Regular,1,No,Yes,Yes,2,2,22,9129,Passive,No,No,0.16,9,1
639,Regular,2,No,Yes,Yes,4,2,31,9404,Promoter,No,No,0.11,59,1
640,Regular,1,Yes,Yes,No,35,9,14,10262,Detractor,No,Yes,0.47,31,1
641,Regular,3,No,No,Yes,15,0,32,12758,Promoter,No,No,0.17,52,1
642,Regular,1,Yes,No,Yes,10,1,26,13979,Promoter,No,No,0.19,7,1
643,Regular,1,No,Yes,Yes,23,2,57,14341,Detractor,No,No,0.12,39,1
644,Regular,2,No,Yes,No,11,4,40,14428,Promoter,No,Yes,0.38,37,1
645,Regular,1,Yes,Yes,Yes,3,6,18,16401,Promoter,No,Yes,0.52,26,1
646,Regular,1,No,Yes,Yes,11,0,35,16540,Promoter,No,Yes,0.57,24,0
647,Regular,2,Yes,Yes,Yes,11,6,29,16570,Passive,No,No,0.16,50,0
648,Regular,1,No,Yes,Yes,12,1,13,16895,Promoter,No,No,0.11,31,0
649,Regular,3,No,No,No,8,2,28,17089,Passive,No,No,0.12,32,0
650,Regular,5,No,Yes,No,11,5,54,17204,Passive,No,No,0.18,30,0
651,Regular,1,Yes,Yes,Yes,13,4,21,17429,Promoter,No,No,0.36,7,0
652,Regular,4,No,Yes,Yes,7,4,21,18168,Promoter,No,Yes,0.56,31,0
653,Regular,3,Yes,Yes,Yes,11,6,29,18246,Detractor,No,No,0.14,39,0
654,Regular,2,No,Yes,Yes,4,6,36,18418,Promoter,No,Yes,0.5,57,0
655,Regular,3,Yes,Yes,Yes,13,8,14,18907,Promoter,Yes,Yes,0.6,10,0
656,Regular,2,Yes,Yes,Yes,5,7,19,19206,Promoter,No,No,0.19,53,0
657,Regular,1,No,No,Yes,10,8,29,19508,Promoter,No,No,0.14,23,0
658,Regular,3,Yes,Yes,No,10,5,21,20315,Promoter,No,Yes,0.38,55,0
659,Regular,3,Yes,Yes,No,12,9,21,21256,Passive,No,No,0.18,28,0
660,Regular,1,No,No,Yes,10,2,16,21410,Promoter,No,No,0.11,45,0
661,Regular,1,No,Yes,No,9,4,36,22343,Promoter,No,Yes,0.1,52,0
662,Regular,5,Yes,Yes,Yes,11,6,22,22637,Promoter,No,No,0.14,38,0
663,Regular,1,Yes,Yes,Yes,39,10,41,22792,Passive,No,Yes,0.67,23,0
664,Regular,2,Yes,Yes,Yes,7,0,20,23864,Promoter,No,Yes,0.55,16,0
665,Regular,2,Yes,Yes,Yes,14,8,62,24701,Promoter,No,Yes,0.48,50,0
666,Regular,1,Yes,Yes,No,14,1,70,25044,Promoter,No,Yes,0.37,51,0
667,Regular,1,No,Yes,Yes,3,2,17,25159,Promoter,No,No,0.15,33,0
668,Regular,1,No,No,No,5,0,13,25297,Detractor,No,Yes,0.73,45,0
669,Regular,1,Yes,Yes,Yes,7,1,25,25557,Passive,No,No,0.1,29,0
670,Regular,1,Yes,Yes,Yes,3,2,30,26537,Promoter,No,Yes,0.58,8,0
671,Regular,1,Yes,Yes,Yes,14,0,25,26728,Passive,No,No,0.18,51,0
672,Regular,1,No,Yes,Yes,11,7,20,27850,Passive,No,No,0.12,10,0
673,Regular,1,Yes,No,No,17,9,16,27860,Detractor,No,Yes,0.14,30,0
674,Regular,1,Yes,Yes,Yes,9,4,51,28335,Promoter,No,Yes,0.72,26,0
675,Regular,1,Yes,Yes,Yes,18,1,16,28509,Promoter,No,No,0.17,48,0
676,Preferred,2,No,No,No,9,2,12,29891,Detractor,Yes,Yes,0.07,58,1
677,Regular,2,Yes,Yes,Yes,3,1,69,28638,Promoter,No,Yes,0.67,14,0
678,Regular,2,No,No,Yes,18,0,33,29486,Promoter,No,No,0.2,43,0
679,Regular,2,No,No,Yes,8,0,21,29754,Passive,No,No,0.18,21,0
680,Regular,1,No,Yes,No,9,2,14,29828,Promoter,No,No,0.14,41,0
681,Preferred,2,Yes,No,No,2,2,32,59426,Detractor,No,Yes,0.09,58,1
682,Regular,2,No,Yes,Yes,10,9,20,30094,Passive,No,No,0.14,9,0
683,Regular,1,Yes,Yes,No,6,10,29,31253,Promoter,No,Yes,0.31,17,0
684,Regular,1,Yes,Yes,No,3,1,32,31518,Passive,No,No,0.17,11,0
685,Regular,1,Yes,Yes,No,11,6,67,32147,Promoter,No,Yes,0.33,41,0
686,Regular,4,No,Yes,Yes,33,10,66,34148,Detractor,No,No,0.12,4,0
687,Regular,1,No,Yes,Yes,14,8,20,34269,Promoter,No,No,0.73,1,0
688,Regular,1,Yes,Yes,Yes,14,0,23,34579,Detractor,No,No,0.19,56,0
689,Regular,1,No,Yes,Yes,18,2,30,35214,Passive,No,No,0.14,1,0
690,Regular,2,Yes,Yes,Yes,6,1,58,35338,Promoter,No,No,0.19,7,0
691,Regular,1,No,Yes,Yes,10,1,17,35973,Promoter,No,Yes,0.7,41,0
692,Regular,3,Yes,No,No,10,2,22,36186,Promoter,No,Yes,0.72,39,0
693,Regular,1,Yes,Yes,Yes,10,7,28,36437,Passive,No,Yes,0.39,44,0
694,Regular,1,No,Yes,Yes,10,10,27,36559,Detractor,No,No,0.11,25,0
695,Regular,1,Yes,Yes,Yes,11,9,20,36792,Promoter,Yes,No,0.11,6,0
696,Regular,2,Yes,Yes,No,9,6,50,37555,Promoter,No,Yes,0.46,27,0
697,Regular,1,No,Yes,Yes,16,2,58,38686,Passive,No,Yes,0.32,9,0
698,Regular,1,Yes,Yes,Yes,9,1,13,38726,Promoter,No,Yes,0.79,19,0
699,Regular,3,Yes,Yes,Yes,5,1,18,38828,Passive,No,No,0.13,30,0
700,Regular,1,No,Yes,Yes,10,8,19,38969,Promoter,Yes,No,0.11,46,0
701,Regular,2,No,No,Yes,14,2,16,39377,Promoter,No,Yes,0.15,6,0
702,Regular,1,Yes,Yes,No,14,5,35,40432,Passive,No,No,0.13,21,0
703,Regular,1,Yes,Yes,Yes,15,10,12,41386,Detractor,No,No,0.11,60,0
704,Regular,2,No,No,Yes,5,6,53,43271,Passive,No,No,0.14,53,0
705,Regular,2,Yes,Yes,Yes,4,0,24,43754,Promoter,No,No,0.12,54,0
706,Regular,3,No,No,No,6,10,20,43775,Promoter,No,No,0.16,29,0
707,Regular,1,No,No,Yes,14,4,35,44157,Promoter,Yes,No,0.17,16,0
708,Regular,1,No,Yes,No,9,1,30,44780,Promoter,No,Yes,0.46,48,0
709,Regular,5,No,Yes,No,18,1,31,45967,Promoter,No,No,0.16,45,0
710,Regular,4,Yes,Yes,Yes,4,9,39,46798,Promoter,No,Yes,0.77,21,0
711,Regular,1,Yes,No,Yes,3,10,32,46989,Passive,No,Yes,0.57,29,0
712,Regular,2,Yes,Yes,Yes,7,1,64,47049,Promoter,No,Yes,0.69,22,0
713,Regular,1,Yes,Yes,Yes,10,0,29,47765,Promoter,No,Yes,0.67,11,0
714,Regular,1,Yes,Yes,Yes,10,1,13,47907,Detractor,No,No,0.12,47,0
715,Preferred,2,Yes,No,No,6,2,13,62872,Detractor,No,Yes,0.76,60,1
716,Regular,4,No,No,Yes,3,5,30,47973,Promoter,No,No,0.17,5,0
717,Regular,1,No,Yes,Yes,15,10,26,48344,Passive,Yes,No,0.62,54,0
718,Regular,1,Yes,No,Yes,13,9,28,48522,Promoter,No,No,0.14,40,0
719,Regular,1,Yes,Yes,Yes,19,6,12,49874,Promoter,No,No,0.19,51,0
720,Regular,1,No,Yes,Yes,35,5,35,50188,Detractor,No,No,0.19,57,0
721,Regular,1,Yes,Yes,Yes,9,7,12,50277,Promoter,No,Yes,0.79,5,0
722,Regular,3,Yes,Yes,No,10,1,40,50536,Promoter,No,Yes,0.51,53,0
723,Regular,1,No,No,Yes,14,10,18,50847,Detractor,Yes,No,0.11,36,0
724,Regular,1,Yes,Yes,Yes,24,0,34,50860,Promoter,No,Yes,0.56,35,0
725,Regular,2,Yes,Yes,No,29,8,32,51223,Promoter,No,No,0.17,52,0
726,Regular,1,No,Yes,No,5,8,13,51482,Promoter,No,Yes,0.05,46,0
727,Regular,2,No,Yes,Yes,11,4,16,51840,Promoter,No,Yes,0.11,51,0
728,Regular,1,Yes,Yes,Yes,12,2,29,52547,Passive,No,No,0.19,21,0
729,Regular,2,Yes,Yes,No,12,0,13,53441,Promoter,No,No,0.11,38,0
730,Regular,1,No,Yes,Yes,17,7,56,54114,Promoter,No,Yes,0.73,52,0
731,Regular,1,No,Yes,Yes,9,0,22,54345,Promoter,No,Yes,0.5,21,0
732,Preferred,3,No,No,Yes,2,2,23,28932,Detractor,Yes,Yes,0.13,3,1
733,Preferred,1,No,No,Yes,11,1,21,25424,Detractor,Yes,Yes,0.14,14,1
734,Preferred,2,No,Yes,Yes,15,3,44,98161,Detractor,Yes,Yes,0.14,60,1
735,Preferred,3,Yes,Yes,No,10,4,17,6868,Detractor,Yes,No,0.65,60,1
736,Preferred,4,No,Yes,No,13,2,14,25819,Detractor,Yes,No,0.46,56,1
737,Preferred,4,No,No,No,8,6,29,33408,Detractor,Yes,Yes,0.16,31,1
738,Preferred,4,Yes,Yes,Yes,2,6,25,60977,Detractor,No,Yes,0.17,56,1
739,Preferred,1,No,No,No,12,2,28,72818,Detractor,Yes,Yes,0.18,20,1
740,Regular,3,Yes,Yes,No,36,0,21,55961,Promoter,No,Yes,0.38,37,0
741,Preferred,1,No,Yes,No,18,7,66,52525,Detractor,Yes,Yes,0.8,52,1
742,Preferred,2,Yes,No,No,13,6,18,96555,Detractor,Yes,Yes,0.3,26,1
743,Regular,1,Yes,Yes,Yes,11,4,21,56545,Promoter,No,Yes,0.5,30,0
744,Regular,1,No,Yes,No,10,2,25,57329,Detractor,No,Yes,0.05,23,0
745,Preferred,1,Yes,No,No,12,1,21,84788,Passive,Yes,Yes,0.31,44,1
746,Preferred,3,No,No,No,9,0,43,82183,Passive,Yes,Yes,0.31,43,1
747,Preferred,1,No,No,No,3,6,43,51137,Detractor,Yes,Yes,0.32,10,1
748,Preferred,2,No,No,No,13,9,41,77255,Detractor,No,Yes,0.32,30,1
749,Preferred,1,No,Yes,No,15,5,21,55192,Passive,Yes,No,0.32,53,1
750,Preferred,2,No,Yes,No,9,9,35,75181,Detractor,Yes,No,0.44,25,1
751,Preferred,4,No,No,No,10,7,16,86674,Detractor,Yes,Yes,0.37,49,1
752,Preferred,7,Yes,No,No,4,4,16,40619,Detractor,Yes,Yes,0.31,38,1
753,Preferred,4,No,No,No,11,2,67,2961,Detractor,No,No,0.4,60,1
754,Preferred,2,Yes,No,No,8,7,22,61373,Passive,No,Yes,0.36,14,1
755,Preferred,1,No,No,No,13,10,14,86824,Promoter,No,No,0.46,60,1
756,Preferred,1,No,Yes,Yes,3,10,34,342252,Promoter,Yes,Yes,0.47,36,1
757,Preferred,1,No,No,No,10,5,20,13178,Promoter,No,Yes,0.49,49,1
758,Preferred,1,Yes,Yes,No,4,9,14,331187,Detractor,Yes,No,0.63,36,1
759,Preferred,1,No,Yes,Yes,11,9,45,11987,Promoter,No,No,0.6,6,1
760,Preferred,2,No,No,No,8,7,18,33274,Promoter,Yes,Yes,0.62,9,1
761,Preferred,1,No,Yes,No,3,6,39,11948,Promoter,No,No,0.62,20,1
762,Regular,1,Yes,No,Yes,14,5,17,57873,Passive,No,No,0.12,52,0
763,Regular,3,Yes,No,Yes,2,2,15,58322,Promoter,No,No,0.13,51,0
764,Preferred,1,No,No,Yes,8,4,21,16563,Detractor,Yes,Yes,0.65,27,1
765,Preferred,2,No,No,No,9,6,13,72101,Detractor,Yes,No,0.65,22,1
766,Regular,1,No,Yes,Yes,6,0,14,58600,Passive,No,Yes,0.4,21,0
767,Regular,1,Yes,Yes,Yes,8,7,33,59028,Passive,No,No,0.15,60,0
768,Regular,2,No,Yes,No,8,4,28,59039,Promoter,No,No,0.13,25,0
769,Preferred,1,Yes,Yes,Yes,14,6,13,32943,Promoter,Yes,No,0.66,20,1
770,Preferred,1,No,No,No,15,7,38,67961,Detractor,Yes,Yes,0.53,20,1
771,Preferred,1,No,Yes,Yes,8,5,30,51932,Passive,Yes,Yes,0.37,52,1
772,Preferred,2,No,Yes,Yes,6,6,61,54848,Detractor,Yes,No,0.79,10,1
773,Preferred,2,Yes,No,No,30,6,42,4820,Detractor,No,No,0.71,30,1
774,Preferred,4,No,No,Yes,6,4,61,34830,Detractor,No,Yes,0.72,15,1
775,Preferred,1,No,No,Yes,2,7,19,77459,Promoter,No,Yes,0.73,13,1
776,Preferred,2,No,No,No,10,3,41,8834,Detractor,No,Yes,0.78,3,1
777,Preferred,2,No,Yes,No,19,0,31,26231,Detractor,Yes,No,0.78,4,1
778,Preferred,4,Yes,Yes,No,9,9,26,56261,Detractor,Yes,Yes,0.78,52,1
779,Preferred,3,No,No,No,19,2,13,15058,Detractor,Yes,Yes,0.79,19,1
780,Premium,4,No,Yes,No,22,6,22,92955,Detractor,Yes,No,0.51,36,1
781,Premium,2,No,No,Yes,6,5,23,6445,Passive,Yes,Yes,0.75,46,1
782,Regular,1,No,Yes,Yes,4,0,31,59595,Promoter,No,No,0.11,57,0
783,Regular,1,Yes,No,No,3,0,24,61330,Promoter,No,No,0.13,8,0
784,Regular,2,No,No,Yes,8,1,27,61382,Passive,No,No,0.16,41,0
785,Regular,1,Yes,Yes,No,10,9,40,61542,Promoter,No,No,0.13,32,0
786,Regular,5,No,No,No,5,1,28,61804,Detractor,No,Yes,0.56,46,0
787,Regular,1,No,Yes,Yes,5,0,13,61854,Detractor,No,No,0.15,28,0
788,Regular,1,Yes,Yes,Yes,9,4,54,62598,Promoter,No,Yes,0.39,26,0
789,Regular,1,Yes,Yes,Yes,13,0,46,63841,Promoter,No,Yes,0.65,47,0
790,Regular,2,No,No,Yes,11,9,16,64818,Detractor,Yes,No,0.12,5,0
791,Regular,1,No,Yes,Yes,8,2,21,65048,Promoter,No,No,0.15,12,0
792,Regular,1,No,Yes,Yes,8,4,36,65405,Promoter,No,Yes,0.19,1,0
793,Regular,2,Yes,Yes,No,11,4,28,66293,Promoter,No,Yes,0.04,14,0
794,Regular,1,Yes,No,Yes,10,2,31,66575,Promoter,Yes,Yes,0.5,40,0
795,Regular,1,Yes,No,Yes,6,6,31,66809,Passive,No,No,0.11,2,0
796,Regular,1,Yes,Yes,Yes,27,1,34,67255,Promoter,No,No,0.17,46,0
797,Regular,3,Yes,No,No,6,2,18,67272,Passive,No,No,0.17,3,0
798,Regular,2,Yes,Yes,No,12,6,61,67434,Promoter,No,Yes,0.71,39,0
799,Regular,1,Yes,Yes,Yes,17,4,38,68425,Promoter,No,Yes,0.17,43,0
800,Regular,1,No,Yes,No,7,4,17,69539,Promoter,No,No,0.18,30,0
801,Regular,2,Yes,Yes,Yes,4,4,33,70092,Promoter,No,No,0.14,40,0
802,Regular,1,Yes,Yes,Yes,8,0,68,71252,Passive,No,Yes,0.55,45,0
803,Regular,3,No,Yes,No,10,8,33,71348,Promoter,No,No,0.17,43,0
804,Regular,1,Yes,No,No,10,2,23,71791,Promoter,No,No,0.15,11,0
805,Regular,1,No,Yes,Yes,11,0,24,72986,Detractor,No,No,0.19,55,0
806,Premium,1,Yes,Yes,Yes,4,4,12,49928,Detractor,Yes,Yes,0.77,52,1
807,Regular,1,No,No,No,11,5,29,73135,Detractor,No,No,0.18,35,0
808,Regular,2,Yes,Yes,No,10,7,36,73310,Promoter,No,Yes,0.15,59,1
809,Regular,4,No,Yes,Yes,9,1,31,74677,Detractor,No,No,0.11,45,1
810,Regular,1,No,Yes,Yes,14,0,57,75512,Promoter,No,Yes,0.41,26,1
811,Regular,2,No,Yes,Yes,4,2,52,75880,Promoter,No,No,0.17,46,1
812,Regular,2,No,Yes,Yes,7,0,20,75905,Passive,No,No,0.15,44,1
813,Regular,1,No,Yes,Yes,4,8,13,75990,Promoter,No,No,0.17,58,1
814,Regular,2,No,Yes,Yes,13,2,40,76987,Passive,No,Yes,0.16,15,1
815,Regular,2,No,No,Yes,8,1,25,77257,Passive,No,No,0.14,59,1
816,Regular,2,No,No,Yes,11,7,35,77473,Passive,Yes,No,0.48,30,0
817,Regular,2,No,No,No,6,0,21,78752,Promoter,No,No,0.11,25,0
818,Regular,1,Yes,Yes,No,11,4,43,79296,Promoter,No,Yes,0.51,56,0
819,Regular,5,No,Yes,No,5,1,29,79988,Promoter,No,Yes,0.35,13,0
820,Regular,2,Yes,Yes,Yes,11,0,37,80065,Promoter,No,Yes,0.56,38,0
821,Regular,1,Yes,Yes,Yes,13,2,32,80570,Promoter,No,No,0.39,31,0
822,Regular,3,No,No,Yes,11,2,26,80818,Passive,No,No,0.18,2,0
823,Regular,3,No,No,No,6,0,15,81209,Promoter,No,No,0.13,35,0
824,Regular,3,No,No,Yes,3,2,30,82042,Promoter,No,No,0.37,4,0
825,Regular,3,Yes,Yes,Yes,5,2,20,82357,Promoter,No,Yes,0.55,14,0
826,Regular,1,No,Yes,Yes,7,7,25,82931,Promoter,No,Yes,0.59,24,0
827,Regular,1,Yes,Yes,Yes,41,7,60,83003,Promoter,No,Yes,0.61,3,0
828,Regular,1,No,Yes,Yes,13,1,26,83332,Promoter,No,No,0.13,10,0
829,Premium,4,Yes,No,No,9,9,45,69902,Detractor,Yes,Yes,0.52,57,1
830,Regular,5,Yes,Yes,Yes,10,0,33,83954,Promoter,No,No,0.17,26,0
831,Regular,1,Yes,Yes,No,11,1,35,84269,Detractor,No,No,0.11,16,0
832,Regular,1,Yes,Yes,Yes,7,9,32,84486,Promoter,No,Yes,0.36,53,0
833,Regular,2,No,No,Yes,4,8,61,85534,Promoter,No,Yes,0.69,45,0
834,Regular,2,Yes,Yes,Yes,9,1,56,86282,Passive,No,Yes,0.33,22,0
835,Regular,1,Yes,Yes,Yes,11,1,33,86314,Promoter,No,No,0.12,54,0
836,Regular,3,Yes,Yes,Yes,8,2,21,86557,Passive,No,Yes,0.77,17,0
837,Regular,1,No,Yes,Yes,5,2,33,86800,Promoter,Yes,Yes,0.6,2,0
838,Regular,1,Yes,Yes,Yes,5,0,23,86824,Promoter,No,No,0.15,41,0
839,Regular,1,Yes,Yes,Yes,6,10,38,87183,Promoter,No,Yes,0.69,7,0
840,Regular,4,Yes,Yes,Yes,7,1,56,87213,Promoter,No,Yes,0.2,21,0
841,Regular,2,Yes,Yes,No,4,7,21,87880,Promoter,No,Yes,0.08,41,0
842,Regular,1,Yes,Yes,Yes,15,1,64,87889,Detractor,No,Yes,0.64,39,0
843,Regular,5,Yes,No,Yes,18,1,32,89257,Promoter,No,No,0.19,47,0
844,Regular,1,Yes,Yes,No,14,9,13,89677,Promoter,No,No,0.14,31,0
845,Regular,1,Yes,Yes,Yes,6,9,29,89722,Passive,No,No,0.13,14,0
846,Regular,1,Yes,Yes,Yes,11,2,30,90579,Promoter,No,Yes,0.68,34,0
847,Regular,1,Yes,Yes,No,9,9,12,90932,Promoter,No,No,0.14,57,0
848,Regular,1,Yes,Yes,No,13,6,33,91016,Promoter,No,Yes,0.05,6,0
849,Regular,1,Yes,No,Yes,2,2,13,91082,Promoter,No,No,0.14,53,0
850,Regular,3,No,Yes,Yes,8,0,22,91920,Promoter,Yes,Yes,0.65,10,0
851,Regular,1,Yes,Yes,Yes,8,4,24,92266,Passive,No,No,0.15,29,0
852,Regular,3,No,Yes,No,8,2,31,92330,Promoter,No,Yes,0.18,59,0
853,Regular,2,No,Yes,Yes,11,0,31,92539,Promoter,No,No,0.13,33,0
854,Regular,2,Yes,Yes,Yes,11,8,33,93059,Promoter,No,Yes,0.55,35,0
855,Regular,3,Yes,Yes,No,10,9,52,93319,Promoter,No,No,0.11,15,0
856,Regular,1,Yes,Yes,Yes,2,2,30,94555,Promoter,No,Yes,0.58,14,0
857,Regular,1,Yes,No,No,11,1,23,95217,Promoter,No,No,0.15,35,0
858,Regular,2,No,No,Yes,4,2,23,95850,Passive,No,No,0.17,49,0
859,Regular,1,Yes,No,Yes,15,2,22,96145,Promoter,No,No,0.16,48,0
860,Regular,2,No,Yes,Yes,4,1,17,96199,Promoter,No,No,0.11,24,0
861,Regular,2,Yes,No,Yes,4,2,20,97163,Promoter,No,No,0.19,58,0
862,Regular,1,Yes,Yes,No,16,10,28,98010,Detractor,No,Yes,0.51,12,0
863,Regular,2,No,No,No,5,1,35,98063,Promoter,No,No,0.12,1,0
864,Regular,2,No,No,Yes,2,2,31,98097,Promoter,No,No,0.11,39,0
865,Regular,2,No,Yes,No,9,0,26,98464,Promoter,No,No,0.14,33,0
866,Regular,1,No,Yes,Yes,9,1,31,98738,Promoter,No,No,0.12,60,0
867,Regular,1,Yes,Yes,Yes,10,7,50,99719,Passive,No,No,0.15,34,0
868,Regular,2,Yes,Yes,Yes,10,1,53,176573,Promoter,No,Yes,0.68,10,0
869,Regular,1,No,No,No,10,5,58,253564,Promoter,No,No,0.11,17,0
870,Regular,4,Yes,Yes,Yes,15,1,17,259365,Detractor,No,Yes,0.17,1,0
871,Regular,1,No,No,Yes,2,1,35,260907,Promoter,Yes,Yes,0.8,35,0
872,Regular,1,Yes,Yes,Yes,10,9,38,268688,Promoter,No,No,0.13,21,0
873,Regular,1,Yes,Yes,Yes,35,10,36,272818,Promoter,No,No,0.17,22,0
874,Regular,5,No,No,Yes,5,10,34,301307,Promoter,No,No,0.18,22,0
875,Regular,3,No,Yes,Yes,38,2,71,307534,Promoter,Yes,Yes,0.64,18,0
876,Regular,1,No,Yes,Yes,39,7,21,307626,Detractor,Yes,No,0.19,5,0
877,Regular,1,No,No,No,4,4,32,98282,Detractor,No,No,0.17,53,0
878,Regular,1,No,No,Yes,13,9,12,103566,Promoter,No,No,0.14,29,0
879,Regular,4,No,No,No,11,2,33,71415,Promoter,No,No,0.11,27,0
880,Regular,2,No,Yes,No,10,4,19,60381,Promoter,No,No,0.2,23,0
881,Regular,3,Yes,Yes,No,4,2,28,121145,Promoter,No,Yes,0.61,40,0
882,Regular,1,No,Yes,Yes,6,4,35,114723,Passive,No,No,0.14,50,0
883,Regular,1,Yes,No,Yes,5,0,20,94857,Detractor,No,No,0.2,3,0
884,Premium,5,No,Yes,No,10,10,48,27054,Detractor,Yes,Yes,0.08,53,1
885,Regular,1,No,No,Yes,11,1,18,157149,Promoter,No,No,0.17,31,0
886,Regular,1,Yes,No,Yes,9,2,15,84186,Promoter,Yes,No,0.15,9,0
887,Regular,1,Yes,Yes,No,4,4,66,72137,Detractor,No,Yes,0.17,26,0
888,Regular,1,Yes,Yes,Yes,14,4,59,33230,Passive,Yes,Yes,0.18,57,0
889,Regular,1,Yes,Yes,No,11,2,16,86629,Promoter,No,Yes,0.2,29,0
890,Regular,2,No,No,Yes,5,1,31,162521,Promoter,No,No,0.17,17,0
891,Regular,2,Yes,No,Yes,5,1,44,83532,Promoter,Yes,Yes,0.62,29,0
892,Regular,2,Yes,Yes,Yes,28,1,50,88533,Promoter,No,Yes,0.02,47,0
893,Regular,1,No,Yes,Yes,5,1,15,71043,Promoter,No,No,0.13,51,0
894,Regular,3,No,Yes,Yes,11,2,60,80850,Promoter,No,Yes,0.4,32,0
895,Regular,1,Yes,Yes,Yes,18,0,19,153864,Detractor,No,No,0.11,12,0
896,Regular,1,Yes,No,Yes,13,6,18,395146,Passive,Yes,No,0.78,22,0
897,Regular,1,No,Yes,Yes,13,2,20,397420,Promoter,No,No,0.11,56,0
898,Regular,1,No,Yes,Yes,17,2,17,397499,Detractor,No,No,0.11,40,0
899,Regular,3,Yes,Yes,Yes,10,0,34,397794,Passive,No,Yes,0.16,16,0
900,Regular,1,Yes,No,Yes,14,5,14,403072,Promoter,Yes,No,0.15,37,0
901,Regular,2,Yes,Yes,Yes,8,10,70,115658,Passive,No,Yes,0.49,19,0
902,Regular,4,Yes,No,Yes,11,1,33,52221,Promoter,No,Yes,0.72,18,0
903,Regular,4,Yes,No,Yes,10,5,51,40998,Promoter,No,No,0.16,9,0
904,Regular,4,No,Yes,Yes,5,10,27,68933,Passive,No,No,0.18,58,0
905,Regular,2,No,No,Yes,10,2,31,148797,Detractor,Yes,No,0.12,60,0
906,Regular,1,No,Yes,Yes,4,2,32,11316,Promoter,No,No,0.17,48,0
907,Regular,2,No,No,Yes,3,0,18,151675,Promoter,No,No,0.17,17,0
908,Regular,2,No,No,Yes,4,5,14,144801,Promoter,No,No,0.13,36,0
909,Regular,1,No,Yes,Yes,10,0,50,172128,Promoter,No,Yes,0.65,11,0
910,Regular,1,No,Yes,Yes,9,1,24,117309,Promoter,No,No,0.19,55,0
911,Regular,1,Yes,Yes,Yes,10,2,56,463732,Promoter,No,Yes,0.36,11,0
912,Regular,2,No,Yes,Yes,9,9,37,469911,Promoter,No,Yes,0.1,30,0
913,Regular,2,No,No,Yes,15,1,19,472174,Promoter,No,No,0.13,26,0
914,Regular,1,Yes,Yes,Yes,16,9,16,476243,Passive,Yes,No,0.35,57,0
915,Regular,1,Yes,Yes,Yes,14,4,26,4195,Promoter,Yes,Yes,0.19,41,0
916,Regular,2,No,No,Yes,11,1,22,31084,Promoter,No,No,0.11,17,0
917,Regular,1,Yes,No,No,10,7,17,85586,Promoter,No,No,0.16,30,1
918,Regular,2,Yes,Yes,Yes,6,7,65,171806,Promoter,No,No,0.14,10,1
919,Regular,1,Yes,Yes,Yes,11,0,54,92445,Passive,No,No,0.19,20,1
920,Regular,1,Yes,Yes,Yes,19,2,33,27365,Detractor,No,No,0.15,10,1
921,Regular,1,No,Yes,Yes,10,0,57,162569,Promoter,No,Yes,0.51,33,1
922,Premium,2,No,No,No,12,4,31,70613,Detractor,Yes,Yes,0.59,22,1
923,Regular,1,No,Yes,Yes,14,2,18,46873,Promoter,Yes,Yes,0.67,42,1
924,Regular,4,Yes,Yes,Yes,12,10,12,10219,Passive,No,No,0.12,10,1
925,Regular,1,Yes,No,Yes,9,2,12,85631,Promoter,No,Yes,0.43,22,1
926,Regular,3,No,Yes,Yes,6,7,57,35843,Promoter,No,Yes,0.31,54,1
927,Regular,1,No,No,No,10,0,15,177304,Detractor,No,No,0.12,19,0
928,Regular,1,No,Yes,Yes,11,1,35,115198,Promoter,No,No,0.16,48,0
929,Regular,2,No,Yes,No,4,2,21,46406,Passive,No,Yes,0.09,33,0
930,Regular,3,No,No,Yes,10,1,19,29886,Detractor,Yes,No,0.2,3,0
931,Regular,2,Yes,No,Yes,4,0,19,18673,Passive,No,No,0.11,1,0
932,Regular,1,Yes,Yes,Yes,14,0,17,5554,Promoter,No,Yes,0.67,56,0
933,Regular,1,Yes,Yes,Yes,5,2,15,122146,Promoter,No,Yes,0.33,37,0
934,Regular,1,Yes,No,No,9,8,33,135801,Passive,No,No,0.19,15,0
935,Regular,3,Yes,Yes,Yes,12,7,31,100153,Promoter,No,Yes,0.35,29,0
936,Regular,3,No,Yes,No,11,6,28,84105,Promoter,No,No,0.13,9,0
937,Regular,2,No,Yes,Yes,2,5,26,8561,Detractor,No,Yes,0.47,5,0
938,Premium,2,No,No,No,15,2,18,91160,Detractor,Yes,No,0.48,28,1
939,Regular,1,Yes,Yes,Yes,14,7,24,113402,Passive,No,No,0.11,25,0
940,Regular,1,Yes,Yes,No,11,2,27,159462,Promoter,No,No,0.1,36,0
941,Regular,1,No,Yes,No,11,1,23,103468,Promoter,No,Yes,0.15,51,0
942,Regular,1,Yes,Yes,Yes,14,0,29,32084,Promoter,No,Yes,0.48,57,0
943,Regular,1,Yes,Yes,Yes,3,10,44,103199,Passive,No,Yes,0.35,2,0
944,Regular,2,No,No,Yes,8,9,14,55385,Promoter,Yes,No,0.19,21,0
945,Regular,2,No,No,Yes,15,9,52,112445,Detractor,No,No,0.12,51,0
946,Regular,2,No,No,Yes,13,2,20,55155,Promoter,Yes,No,0.19,45,0
947,Regular,3,No,No,Yes,2,1,23,92846,Promoter,No,No,0.16,3,0
948,Regular,1,Yes,Yes,No,24,9,69,14247,Promoter,No,Yes,0.76,58,0
949,Regular,1,Yes,Yes,Yes,2,4,71,140044,Promoter,No,No,0.11,59,0
950,Regular,3,Yes,Yes,Yes,6,0,23,632146,Promoter,Yes,No,0.15,52,0
951,Premium,1,No,No,No,2,1,28,14552,Detractor,No,Yes,0.32,32,1
952,Regular,1,No,No,Yes,13,2,25,634355,Detractor,No,No,0.16,50,0
953,Regular,2,Yes,Yes,No,9,0,20,639336,Promoter,No,Yes,0.68,56,0
954,Regular,3,Yes,Yes,Yes,7,6,38,646322,Promoter,No,Yes,0.69,38,0
955,Regular,1,No,Yes,Yes,10,10,24,658837,Promoter,No,No,0.19,24,0
956,Regular,3,Yes,Yes,Yes,7,2,26,663447,Promoter,Yes,No,0.14,10,0
957,Regular,1,Yes,No,Yes,6,9,35,155826,Detractor,No,Yes,0.64,53,0
958,Regular,2,No,Yes,No,9,0,31,33449,Promoter,No,Yes,0.2,6,0
959,Regular,1,Yes,No,Yes,14,6,23,85891,Promoter,Yes,No,0.18,8,0
960,Regular,1,Yes,Yes,Yes,2,2,27,35446,Detractor,No,No,0.11,8,0
961,Regular,3,No,No,Yes,2,8,27,29106,Promoter,Yes,No,0.15,11,0
962,Regular,2,No,No,No,8,1,42,68825,Promoter,No,No,0.18,45,0
963,Regular,1,Yes,No,Yes,8,1,39,38622,Passive,No,No,0.15,43,0
964,Regular,1,Yes,Yes,Yes,15,1,15,68780,Passive,Yes,Yes,0.17,11,1
965,Regular,2,Yes,Yes,Yes,38,2,33,41415,Promoter,Yes,No,0.16,53,1
966,Regular,1,No,Yes,Yes,8,7,23,100448,Promoter,Yes,Yes,0.2,20,1
967,Regular,3,Yes,Yes,No,5,8,24,157131,Passive,No,No,0.16,17,0
968,Regular,3,No,Yes,No,12,5,51,692316,Passive,No,Yes,0.65,17,0
969,Regular,1,No,Yes,Yes,2,1,58,699192,Promoter,No,Yes,0.37,39,0
970,Regular,2,No,No,Yes,2,2,16,700597,Detractor,No,No,0.14,20,0
971,Premium,1,No,Yes,No,8,10,37,85905,Detractor,Yes,Yes,0.13,20,1
972,Premium,1,No,Yes,No,9,10,23,43558,Passive,Yes,Yes,0.13,3,1
973,Premium,1,Yes,No,No,17,8,19,69749,Detractor,Yes,No,0.13,27,1
974,Premium,1,No,Yes,No,17,3,30,68925,Detractor,Yes,No,0.16,22,1
975,Premium,2,No,Yes,No,35,10,46,7754,Promoter,No,Yes,0.5,36,1
976,Regular,1,Yes,No,No,9,6,23,116423,Promoter,No,No,0.14,44,0
977,Premium,3,No,No,No,15,7,32,90246,Detractor,Yes,No,0.35,59,1
978,Premium,1,No,Yes,Yes,10,8,25,57196,Promoter,No,Yes,0.36,59,1
979,Premium,3,Yes,No,No,4,6,29,40380,Passive,Yes,No,0.46,19,1
980,Regular,1,No,Yes,Yes,6,0,29,141458,Detractor,No,No,0.1,45,0
981,Regular,1,No,No,Yes,10,2,35,88215,Detractor,No,No,0.11,15,0
982,Premium,2,No,No,No,14,7,19,58587,Passive,No,Yes,0.41,4,1
983,Regular,4,Yes,Yes,Yes,15,10,32,46123,Passive,Yes,No,0.66,10,0
984,Premium,1,No,Yes,No,10,5,21,15224,Detractor,No,No,0.52,23,1
985,Regular,1,Yes,Yes,Yes,3,0,13,163810,Detractor,No,No,0.18,27,0
986,Regular,4,Yes,Yes,Yes,8,1,29,64825,Promoter,No,No,0.11,2,0
987,Premium,1,No,Yes,No,15,2,34,7084,Passive,Yes,Yes,0.57,45,1
988,Premium,3,No,No,Yes,11,6,33,80991,Detractor,Yes,No,0.62,35,1
989,Premium,1,No,No,No,7,5,43,60662,Detractor,Yes,Yes,0.62,59,1
990,Premium,1,Yes,Yes,Yes,15,0,54,79903,Promoter,No,Yes,0.67,35,1
991,Premium,3,No,No,No,14,0,32,6544,Detractor,Yes,No,0.74,43,1
992,Regular,3,No,No,Yes,3,0,21,33897,Promoter,No,No,0.12,10,0
993,Regular,1,No,Yes,Yes,28,10,38,104498,Promoter,No,No,0.11,41,0
994,Premium,2,Yes,No,Yes,8,6,70,29094,Promoter,Yes,Yes,0.72,54,1
995,Regular,2,Yes,No,Yes,8,0,24,14637,Detractor,Yes,No,0.19,5,0
996,Premium,2,Yes,Yes,Yes,15,2,34,17711,Detractor,No,Yes,0.75,1,1
997,Premium,2,No,No,No,4,8,35,6322,Detractor,Yes,No,0.76,36,1
998,Premium,1,No,No,Yes,5,2,25,62423,Detractor,No,No,0.77,56,1
999,Regular,1,Yes,No,Yes,4,4,52,154125,Promoter,No,No,0.11,51,0
